Budget,WorldGross,RottenTomatoes,AudienceScore,Profitability,Movie
3.7425396027219926,3.1267717286082135,0.34531603849920645,-0.44856328910728416,-0.056963018510098225,Spider-Man 3
1.9223100226928933,2.7265373447051457,-0.3638091077469729,-0.2673695662593986,0.19725755156653335,Shrek the Third
1.7365723104450261,2.3378862864595913,0.19602653402632658,1.6653634774513804,0.15400457434025278,Transformers
4.522637994163035,3.4427004039663642,-0.251841979392313,0.7593948632119527,-0.09683298912386924,Pirates of the Caribbean: At World's End
1.7365723104450261,3.3402358728681247,0.9797964325089458,1.2425781241396474,0.4072349961400524,Harry Potter and the Order of the Phoenix
1.7365723104450261,1.7963440388022567,0.6438950474449662,0.4574053251321435,0.01718258495334259,I Am Legend
0.993621461453557,1.1756780967099447,1.5396320742822454,1.786159292683304,0.03754663451352193,The Bourne Ultimatum
1.3650968859492916,1.2389944707927498,-0.7743552450473925,0.6385990479800291,-0.04620340723518986,National Treasure: Book of Secrets
0.25067061246208794,0.8208625423587094,-0.9609671256384923,0.6989969555959908,0.22504771320295325,Alvin and the Chipmunks
0.1578017563381543,1.2333769933122258,0.30799366238098647,1.7257613850673423,0.5310860431004625,300
1.7365723104450261,1.963431334095051,1.688921578755125,1.3633739393715711,0.059395906488949414,Ratatouille
0.3435394685860216,1.5425559864263363,1.4276649459275854,1.0009864936758002,0.5329343198838824,The Simpsons Movie
0.6221460369578224,0.35178139956642834,-1.408835639057132,0.6385990479800291,-0.1617537111414913,Wild Hogs
-0.43655892285502096,0.20137235136697246,1.4649873220458054,1.3029760317556094,0.46873970660260383,Knocked Up
-0.9101900890870825,0.2550649849598876,1.5769544504004653,1.6653634774513804,4.465011156839362,Juno
1.5508345981971587,0.3709417878720914,-1.184901382347812,0.3970074175161817,-0.32265280612670116,Rush Hour 3
0.993621461453557,0.9174918642911334,1.0171188086271659,1.4841697546034949,-0.05141818815983867,Live Free or Die Hard
1.3650968859492916,0.5060660717640753,-0.6250657405745126,-0.3881653814913223,-0.25987740537554854,Fantastic Four: Rise of the Silver Surfer
0.8078837492056897,0.40769489634931805,1.0171188086271659,1.5445676622194566,-0.18706850208583103,American Gangster
0.5292771808338889,0.730068429592101,1.5396320742822454,1.1217823089077237,0.03424614025741506,Enchanted
1.7365723104450261,0.4997083065535596,0.00941465343522676,-0.2673695662593986,-0.3103914699652642,Bee Movie
-0.6780179487772484,-0.012919173297046819,1.3530201936911455,1.5445676622194566,0.7748605488565159,Superbad
0.5292771808338889,0.05762589273744027,-1.446158015175352,0.6989969555959908,-0.26553775302477184,I Now Pronounce You Chuck and Larry
0.3435394685860216,0.1293902562095606,1.5023096981640254,1.3633739393715711,-0.18112761242483863,Hairspray
0.08350667143900739,-0.11812712362996095,0.6438950474449662,0.27621160228425795,-0.23259882034882526,Blades of Glory
0.5292771808338889,0.6030002180559075,0.6812174235631862,0.7593948632119527,-0.022390341177378797,Ocean's 13
0.993621461453557,0.24343811296531478,-0.8863223734020523,-0.3277674738753605,-0.283640964019518,Ghost Rider
2.2009165910646944,0.0025397763586586203,-1.0729342539931521,-0.3277674738753605,-0.46325386143685376,Evan Almighty
0.8078837492056897,-0.015270675498196357,0.5319279190903062,0.8197927708279146,-0.34735700563366106,Meet the Robinsons
0.06493290021422067,-0.058904105230638444,-1.5954475196482316,-0.3277674738753605,-0.18861973438620128,Norbit
-0.21367366815758024,0.011031312085032146,-0.4011314838651928,1.1821802165236857,0.016340958918035355,The Bucket List
-0.640870406327675,-0.1086775684883044,-0.9236447495202723,0.8197927708279146,0.4824697627080083,The Game Plan
1.7365723104450261,0.10256571258163204,0.718539799681406,-0.5693591043392079,-0.41072649535091293,Beowulf
-0.6780179487772484,-0.23983913570798043,0.5692502952085262,0.8197927708279146,0.3448556546996324,Disturbia
-0.5851490926533148,-0.00525501797478159,1.6142768265186853,1.3633739393715711,0.5061013015817336,No Country for Old Men
2.293785447188628,0.8682845034152259,-0.3638091077469729,-0.3881653814913223,-0.2855222457454989,The Golden Compass
0.3435394685860216,-0.2344393899127481,1.1290859369818256,0.6989969555959908,-0.36494864001871075,Charlie Wilson's War
-0.8637556610251157,-0.14582259399905595,-1.259546134584252,0.5178032327481054,1.6728590260580727,Saw IV
-0.7894605761259688,-0.4238224097794052,-0.9236447495202723,1.3029760317556094,0.26328393915995124,Stomp the Yard
0.5292771808338889,-0.10362619338953866,0.9797964325089458,0.15541578705233428,-0.33743902039405993,Surf's Up
-0.6780179487772484,-0.403181446013759,-0.9609671256384923,0.15541578705233428,0.035401313247052445,Halloween
-0.770886804901182,-0.5093909620990146,-0.21451960327409303,-0.8713486424190171,-0.012224818868569598,Tyler Perry's Why Did I get Married
-0.3994113804054475,-0.3362942722921712,-0.6997104928109525,0.09501787943637244,-0.17599534385659243,TMNT
-0.49228023652938113,-0.0697035968211031,-1.147579006229592,1.2425781241396474,0.23592284177682524,P.S. I Love You
-0.15795235448322006,-0.4477293488244259,1.3530201936911455,1.4237718469875331,-0.38608830572907515,3:10 to Yuma
-0.12080481203364661,-0.08847206809324135,1.2783754414547055,1.1821802165236857,-0.12338546541424895,Sweeney Todd: The Demon Barber of Fleet Street
-0.30654252428151385,-0.11729974322585278,0.41996079073564635,0.5178032327481054,-0.024882214340739468,Music and Lyrics
-0.5851490926533148,-0.3477034126014525,1.4276649459275854,0.6385990479800291,-0.012967430076193718,Michael Clayton
-0.6780179487772484,-0.3861983745610121,-1.6327698957664516,-0.3881653814913223,0.06751512235897233,Premonition
0.4364083247099552,-0.3752682439593724,0.00941465343522676,1.0009864936758002,-0.44803858291620113,The Kingdom
0.08350667143900739,-0.33590235525864626,-0.17719722715587305,1.2425781241396474,-0.36790258237792633,Shooter
-0.3994113804054475,-0.45082113875556695,-1.6327698957664516,-0.3881653814913223,-0.30001141552980803,License to Wed
-0.5294277789789545,-0.3494017197467272,-0.4757762361016328,0.15541578705233428,-0.08104012410839789,No Reservations
-0.30654252428151385,-0.19141560889912262,-1.408835639057132,-1.4753277185786355,-0.09506722469685208,Alien vs. Predator -- Requiem
-0.5851490926533148,-0.4209048051964974,1.4649873220458054,1.3633739393715711,-0.12393004696650657,There Will Be Blood
-0.6780179487772484,-0.3743537708811476,-1.8567041524757715,-1.4149298109626736,0.08995848330049899,Epic Movie
-0.7244523768392153,-0.3173080693347413,-1.371513262938912,-0.025777935795551245,0.3158773151310142,Hitman
-0.45513269407980766,-0.42386595611646355,-0.06523009880121317,-0.2673695662593986,-0.2374175419627413,30 Days of Night
0.25067061246208794,-0.16232665574416125,0.9051516802725059,1.4841697546034949,-0.30720649300812103,Stardust
0.25067061246208794,-0.44873091457676734,-0.3264867316287529,0.21581369466829614,-0.4622802156313023,The Brave One
0.06493290021422067,-0.19624925231259674,-0.8116776211656125,-1.233736088114788,-0.2753897283792508,The Heartbreak Kid
-0.7337392624516086,-0.5039912163037823,-0.9236447495202723,0.15541578705233428,-0.07247534151380057,Smokin' Aces
-0.5851490926533148,-0.49489003185859226,-1.8193817763575515,-0.025777935795551245,-0.23608084178901803,Good Luck Chuck
0.1578017563381543,-0.3834114089892792,1.3903425698093654,0.6989969555959908,-0.41153511644365914,Zodiac
-0.5851490926533148,-0.45012439736263377,-0.5877433644562927,-0.3277674738753605,-0.16818967494089976,Mr. Magorium's Wonder Emporium
-0.6594441775524617,-0.5134407714454389,0.12138178178988665,0.09501787943637244,-0.19517121548457336,We Own the Night
-0.6780179487772484,-0.5430958269821584,0.1587041579081066,0.8197927708279146,-0.22972739034601228,Mr. Brooks
-0.6780179487772484,-0.5447505877903748,-0.6997104928109525,-0.5693591043392079,-0.23289586483187488,The Nanny Diaries
-0.6780179487772484,-0.6190841851489363,-0.10255247491943313,-0.025777935795551245,-0.373760959682516,Nancy Drew
-0.7151654912268218,-0.5031638358996742,0.755862175799626,0.15541578705233428,-0.10153619343882148,The Mist
-0.30654252428151385,-0.4793004431917117,-1.5954475196482316,-0.508961196723246,-0.36782007002152367,The Reaping
-0.06508349835928642,-0.641946012104557,1.1290859369818256,1.4841697546034949,-0.5476474995655064,Grindhouse
-0.8823294322499025,-0.5954820704633239,1.5396320742822454,1.5445676622194566,0.03492274157991701,Sicko
-0.21367366815758024,-0.6247452089665185,0.08405940567166668,1.3633739393715711,-0.519098224250182,Across the Universe
-0.770886804901182,-0.589472675949275,-1.5208027674117917,-0.6901549195711315,-0.2146111266530428,The Hills Have Eyes 2
-0.6965917200020352,-0.5989222310909316,0.12138178178988665,-0.9317465500349789,-0.32019393790590156,Vacancy
-1.0123458308234095,-0.6560550253114545,1.3903425698093654,0.3366095099002198,1.2031656884715043,Waitress
-0.770886804901182,-0.5076926549537399,1.1290859369818256,1.7257613850673423,-0.007901171393069686,Into the Wild
-0.3994113804054475,-0.6630224392407866,0.8678293041542859,-0.3881653814913223,-0.5297753231686877,Walk Hard: The Dewey Cox Story
0.25067061246208794,-0.42138381490413906,-0.8489999972838324,-0.14657375102747494,-0.4474609964213824,Next
-0.8637556610251157,-0.5975287483050652,-0.28916435551053293,-0.9921444576509407,-0.03899182728559635,Hostel: Part II
-0.6780179487772484,-0.4335332429434118,0.5319279190903062,1.4237718469875331,-0.022175809050731857,The Kite Runner
-0.1765261257080068,-0.5867728030516588,-1.7820594002393315,-1.1129402728828643,-0.4930738270407794,Happily N'Ever After
0.4364083247099552,-0.577715164943527,-1.222223758466032,-1.1129402728828643,-0.5439344435273862,The Invasion
-0.3994113804054475,-0.47734085802408716,-0.9236447495202723,-0.8109507348030552,-0.3287422180292183,Lions for Lambs
-0.9380507459242626,-0.6733864674606681,-1.8940265285939915,0.09501787943637244,-0.1263064028309036,Daddy Day Camp
-0.3251162955063006,-0.6358495249163916,0.5692502952085262,0.27621160228425795,-0.5133058568307145,Shoot 'Em Up
-0.7244523768392153,-0.5998802505062149,0.5692502952085262,1.061384401291762,-0.29600131500863824,The Darjeeling Limited
-0.8637556610251157,-0.6761734330324009,-0.3264867316287529,0.6385990479800291,-0.3369934536694855,In the Land of Women
0.3435394685860216,-0.42556426326173824,-0.9236447495202723,-1.0525423652669026,-0.46153760442367825,Dragon Wars (aka D-War)
-0.5665753214285281,-0.6184309900930615,-1.5208027674117917,-1.233736088114788,-0.43115655479621445,Pathfinder: Legend of the Ghost Warrior
2.3866543033125613,3.621850034624315,1.5769544504004653,2.0881488307631133,0.26929083870606574,The Dark Knight
2.4052280745373484,1.797084326532248,1.5769544504004653,1.786159292683304,-0.10729555591572798,Iron Man
2.3866543033125613,2.672888257449288,0.9424740563907259,-0.14657375102747494,0.07490822949265166,Indiana Jones and the Kingdom of the Crystal Skull
1.7365723104450261,1.9663489386779587,-0.4384538599834128,0.3366095099002198,0.06013851769657344,Hancock
2.293785447188628,1.5174732962807405,1.651599202636905,1.6653634774513804,-0.14884877860011347,WALL-E
2.6652608716843624,1.998355496415828,1.3530201936911455,1.3029760317556094,-0.1055297914887108,Kung Fu Panda
1.7365723104450261,1.87712249404545,0.45728316685386633,0.6989969555959908,0.03759614192736358,Madagascar: Escape 2 Africa
-0.3622638379558741,0.9570754846771513,-0.10255247491943313,1.2425781241396474,1.124316880693111,Twilight
3.222474008427964,1.7995664677445726,0.45728316685386633,0.0346199718204106,-0.206277378656373,Quantum of Solace
0.5292771808338889,0.5412950584442604,1.0171188086271659,0.8197927708279146,-0.04991646327331009,Dr. Seuss' Horton Hears a Who!
0.018498472152253847,1.0556208454401417,-0.10255247491943313,1.1821802165236857,0.56498211911068,Sex and the City
-0.43655892285502096,0.42293611431973194,1.0544411847453858,1.7257613850673423,0.7231913112771627,Gran Torino
0.17637552756294103,1.9029890182580955,0.046737029553446725,0.8801906784438764,0.8980349944944243,Mamma Mia!
2.6652608716843624,1.0748683264199215,0.5319279190903062,1.0009864936758002,-0.28052199694749697,The Chronicles of Narnia: Prince Caspian
-0.770886804901182,0.8930188228643547,1.5769544504004653,1.7257613850673423,3.5308227601195927,Slumdog Millionaire
1.504400170135192,0.39450035622064555,0.5692502952085262,0.8197927708279146,-0.31063900703447217,The Incredible Hulk
0.3435394685860216,0.7341617852755836,0.793184551917846,0.6385990479800291,0.12446515074809635,Wanted
0.4364083247099552,0.25192964869168816,-0.027907722682993203,0.6989969555959908,-0.1509280899814608,Get Smart
0.4364083247099552,-0.039656624250858676,-0.9609671256384923,-0.5693591043392079,-0.28903727212825275,Four Christmases
0.6221460369578224,0.06633516014910534,1.1664083131000456,0.4574053251321435,-0.28194120947762297,Tropic Thunder
0.4364083247099552,0.17433007605375236,-0.9982895017567123,0.09501787943637244,-0.18767909352321083,Bedtime Stories
1.7365723104450261,0.5972085552271503,1.3903425698093654,0.8801906784438764,-0.2857697828147069,Bolt
-0.02793595590971297,0.30431589217285365,0.41996079073564635,0.9405885860598383,0.10146070578303147,Marley and Me
1.6437034543210924,0.9941334175137861,-1.408835639057132,-1.29413399573075,-0.17026898632224707,The Mummy: Tomb of the Dragon Emperor
-0.21367366815758024,0.3011370095675959,0.34531603849920645,-0.3881653814913223,0.2606435437550657,Journey to the Center of the Earth
0.4364083247099552,0.022788823090779953,-0.9236447495202723,0.6385990479800291,-0.2594813460648157,Eagle Eye
0.1578017563381543,-0.19476867685261362,0.08405940567166668,0.3970074175161817,-0.30154614535889773,Step Brothers
0.4364083247099552,0.1180246622373376,-0.5877433644562927,-0.6901549195711315,-0.21436358958383483,You Don't Mess with the Zohan
0.25067061246208794,0.2194876275832358,-0.3264867316287529,0.6385990479800291,-0.10051304021942833,Yes Man
0.9007526053296234,0.42215228025268203,-1.5954475196482316,-1.0525423652669026,-0.2027788547448997,"10,000 B.C."
-0.6780179487772484,-0.10258108130013882,-0.4011314838651928,-0.3277674738753605,0.6049676070234148,Beverly Hills Chihuahua
-0.8451818898003289,0.34868960963528717,0.4946055429720863,0.8801906784438764,3.167388835108385,High School Musical 3: Senior Year
-0.5665753214285281,-0.3101229237201176,0.6065726713267462,0.7593948632119527,0.018222240644016247,Pineapple Express
0.3435394685860216,0.11950523769732067,0.23334891014454653,0.27621160228425795,-0.18612786122284058,Valkyrie
-0.3994113804054475,-0.06491349974468733,-0.6250657405745126,0.6989969555959908,0.11783115729332157,21
-0.3994113804054475,0.20267874147872214,-0.8863223734020523,0.6385990479800291,0.4075650455656629,What Happens in Vegas
0.482842752771922,0.21508944754034487,-1.334190886820692,-0.6901549195711315,-0.1822662829431955,Jumper
-0.5851490926533148,-0.009043549298855919,0.9424740563907259,0.3366095099002198,0.5004079489899491,Cloverfield
1.9223100226928933,0.7015020324818395,0.793184551917846,1.1821802165236857,-0.28237027373091683,The Curious Case of Benjamin Button
-0.49228023652938113,-0.05476720321009758,-0.4384538599834128,0.5782011403640672,0.2547521615079151,27 Dresses
0.482842752771922,-0.05420110082833937,1.3156978175729255,0.5178032327481054,-0.30596880766208095,Hellboy II: The Golden Army
0.8078837492056897,0.2623807695856863,-1.222223758466032,-1.656521441426521,-0.2421372487489741,The Day the Earth Stood Still
-0.30654252428151385,-0.09439436993317366,-0.6250657405745126,-0.025777935795551245,-0.0031649621355563226,Vantage Point
0.6685804650197893,-0.043532248249049575,1.0171188086271659,0.3366095099002198,-0.3362838474044226,The Spiderwick Chronicles
0.29710504052405473,-0.2682748938070669,-1.5208027674117917,-0.508961196723246,-0.37361243744099126,Fool's Gold
-0.5294277789789545,-0.3503597391620103,0.9424740563907259,0.8197927708279146,-0.08232731686827952,Role Models
-0.15795235448322006,-0.041093653373783345,-1.222223758466032,-1.9585109795063302,-0.06501622449499898,The Happening
-0.49228023652938113,-0.29466397406441214,1.2410530653364855,0.8197927708279146,-0.048266216145256655,Forgetting Sarah Marshall
-0.3622638379558741,-0.03970017058791696,0.9797964325089458,0.15541578705233428,0.10340799739413453,Burn After Reading
0.25067061246208794,-0.4732475023406046,0.41996079073564635,-0.14657375102747494,-0.4755317000695714,Baby Mama
-0.02793595590971297,-0.02032205059696221,-0.9236447495202723,0.9405885860598383,-0.12221378995333106,Seven Pounds
-0.7244523768392153,-0.09587494539315673,-0.9609671256384923,1.1821802165236857,0.7953896231295006,Step Up 2: The Streets
-0.8488966440452863,-0.25682220716072734,-1.446158015175352,0.09501787943637244,1.1130456928085062,Saw V
-0.8823294322499025,-0.39386252988327736,-0.28916435551053293,-0.8109507348030552,0.8839088790782869,The Strangers
-0.02793595590971297,-0.1953347792343719,0.45728316685386633,0.21581369466829614,-0.2427973476001955,The Forbidden Kingdom
-0.02793595590971297,-0.374005400184681,0.08405940567166668,-0.9317465500349789,-0.3659057833529817,The Tale of Despereaux
-0.5851490926533148,-0.4459004026679762,-0.4757762361016328,-0.44856328910728416,-0.16180321855533297,The House Bunny
-0.3622638379558741,-0.31682905962709973,-0.027907722682993203,-0.6901549195711315,-0.1804510111023367,Nim's Island
0.39926078226038175,0.16766748648382857,0.12138178178988665,0.4574053251321435,-0.1796588924808711,Australia
-0.30654252428151385,-0.2912238134368044,-1.446158015175352,-0.025777935795551245,-0.1896263851343138,Made of Honor
1.5508345981971587,-0.5281594333711529,-1.446158015175352,-0.3277674738753605,-0.5660312525720217,College Road Trip
-0.5480015502037413,-0.5595127960531472,0.4946055429720863,0.3366095099002198,-0.355723758572892,The Sisterhood of the Traveling Pants 2
1.1793591737014242,-0.3435229642438532,-0.5130986122198528,-0.025777935795551245,-0.4975955041716457,Speed Racer
-0.7151654912268218,-0.503555752933199,-1.6327698957664516,-0.9317465500349789,-0.10241082441668985,Prom Night
-0.16723924009561342,-0.25952208005834354,-0.5877433644562927,0.5178032327481054,-0.23335793402772986,Rambo
-0.3994113804054475,-0.5625610396472299,-1.0356118778749321,0.15541578705233428,-0.4209910324874054,"Welcome Home, Roscoe Jenkins"
-0.6780179487772484,-0.5698332779359703,-0.7743552450473925,-1.5357256261945973,-0.28043948459109436,Tyler Perry's Meet the Browns
-0.49228023652938113,-0.3852403551457289,-0.7743552450473925,-0.3277674738753605,-0.1626613470619207,Nights in Rodanthe
-0.3994113804054475,-0.38066798975460475,-1.334190886820692,-1.5357256261945973,-0.22405054022550847,Max Payne
0.06493290021422067,-0.41097624034719926,-1.222223758466032,-1.0525423652669026,-0.4109905348914015,Righteous Kill
-0.6780179487772484,-0.5582064059413974,-0.21451960327409303,-1.0525423652669026,-0.25834267554645884,Lakeview Terrace
0.20423618440012112,-0.251422461365495,0.046737029553446725,0.21581369466829614,-0.34540971402255805,Body of Lies
-0.49228023652938113,-0.3840210577080958,-1.8567041524757715,-1.8377151642744065,-0.16117612464667266,Meet the Spartans
-0.8266081185755422,-0.5632577810401631,0.08405940567166668,0.21581369466829614,-0.028694285206542904,Harold and Kumar Escape from Guantanamo Bay
-0.8080343473507555,-0.5836810131205177,-1.446158015175352,-0.14657375102747494,-0.13422758904556,First Sunday
-0.8451818898003289,-0.5786731843588103,0.1587041579081066,1.0009864936758002,-0.02750610727434448,The Secret Life of Bees
-0.8637556610251157,-0.5910403440833747,-0.027907722682993203,-1.5357256261945973,-0.014469154962722292,Tyler Perry's The Family That Preys
-0.21367366815758024,-0.42308212204941364,-0.3638091077469729,0.4574053251321435,-0.3492712923022031,Death Race
-0.02793595590971297,-0.2604800994736267,0.3826384146174264,1.3633739393715711,-0.28768406948324887,Changeling
-0.8916163178622958,-0.4553064114725745,-1.222223758466032,-0.9317465500349789,0.6988831710809359,Star Wars: The Clone Wars
-1.0012015680885373,-0.5615594738948885,-1.147579006229592,-1.233736088114788,2.15857626325804,Semi-Pro
-1.0402064876605897,-0.6068912107726052,-0.4384538599834128,-0.6297570119551696,10.420621022213961,Fireproof
-0.30654252428151385,-0.5362590520640014,-0.9609671256384923,-0.7505528271870934,-0.42178315110887094,Drillbit Taylor
0.10208044266379412,-0.5747104676865027,-1.408835639057132,-1.4149298109626736,-0.5180255636169473,The Love Guru
-0.9194769746994759,-0.511176361918406,0.718539799681406,0.6385990479800291,0.6803673983041763,"Definitely, Maybe"
-0.6780179487772484,-0.5149213469054219,1.5769544504004653,1.6049655698354186,-0.17639140316732527,Milk
-0.49228023652938113,-0.27807281964519015,-0.5877433644562927,-0.20697165864343678,-0.02732458009025858,Transporter 3
-0.8266081185755422,-0.5727073361818198,0.2706712862627665,-0.9317465500349789,-0.058563758224310106,Quarantine
-0.8637556610251157,-0.6067170254243719,0.793184551917846,0.3366095099002198,-0.07387805157264593,Nick and Norah's Infinite Playlist
-0.8266081185755422,-0.5046008650225988,-1.110256630111372,-0.6297570119551696,0.15656245738873562,The Eye
-0.6037228638781015,-0.5693107218912704,0.45728316685386633,0.5178032327481054,-0.33729049815253515,Zack and Miri Make a Porno
0.02778535776464721,-0.5727944288559363,0.00941465343522676,-1.233736088114788,-0.5092957563095446,Leatherheads
-0.3994113804054475,-0.4152002350418568,-1.408835639057132,-0.7505528271870934,-0.26144514014719933,Mirrors
-0.3622638379558741,-0.47032989775769674,-0.5877433644562927,-1.4753277185786355,-0.33763705004942635,Space Chimps
-0.6780179487772484,-0.4703734440947551,0.9797964325089458,0.7593948632119527,-0.0919317551535505,The Bank Job
-0.3994113804054475,-0.5233257899576788,-1.408835639057132,-0.3277674738753605,-0.3785136714113099,Untraceable
-0.7523130336763953,-0.534865569278135,-1.446158015175352,-1.233736088114788,-0.11102511442512872,The Women
-0.6780179487772484,-0.5529808454943984,-1.9313489047122114,-1.5357256261945973,-0.24849070019197983,One Missed Call
-0.30654252428151385,-0.41424221562657365,-0.4011314838651928,0.21581369466829614,-0.3061833397887279,The Other Boleyn Girl
-0.6780179487772484,-0.4671074688153807,-0.5504209883380727,0.0346199718204106,-0.08574332842335011,Street Kings
-0.9009032034746891,-0.5441409390715582,-1.6700922718846716,-1.29413399573075,0.3608465493704703,Shutter
0.1578017563381543,-0.4424166957033102,-1.371513262938912,-1.5357256261945973,-0.4459262665922927,Superhero Movie
-0.583291715530836,-0.6241355602477021,0.30799366238098647,-1.1733381804988263,-0.4328068019242679,W.
-0.6594441775524617,-0.5713573997330117,-1.0729342539931521,-1.4753277185786355,-0.2996813661041974,Never Back Down
-0.640870406327675,-0.6321916326034922,0.12138178178988665,0.27621160228425795,-0.4192912779455103,Traitor
-0.7523130336763953,-0.3328105653275052,1.1290859369818256,0.6989969555959908,0.36756305518164767,Vicky Cristina Barcelona
-0.21367366815758024,-0.43862816437923585,-1.6700922718846716,-1.7773172566584448,-0.3623577520276668,Babylon A.D.
-0.3994113804054475,-0.4549144944390495,-0.7370328689291725,-1.656521441426521,-0.30443407783299126,The X-Files: I Want to Believe
-0.640870406327675,-0.6376349247357829,-1.110256630111372,-0.6297570119551696,-0.4286811841041343,Mad Money
-0.6780179487772484,-0.6321480862664338,0.9424740563907259,-0.3881653814913223,-0.3985146666033175,Appaloosa
-0.49228023652938113,-0.6187358144524697,-0.5877433644562927,-1.1733381804988263,-0.45765952367275264,Igor
-0.6780179487772484,-0.57140094607007,-1.408835639057132,-0.6297570119551696,-0.28336042200774886,My Best Friend's Girl
-0.5851490926533148,-0.5309463989428858,0.9797964325089458,0.8197927708279146,-0.2907700316127088,Doubt
-0.9380507459242626,-0.5826794473681762,-1.408835639057132,-1.9585109795063302,0.446725409914371,The Spirit
-0.8637556610251157,-0.6757379696618177,0.9797964325089458,-2.1397047023542157,-0.33540921642655425,Kit Kittredge: An American Girl
-0.5851490926533148,-0.6536599767732467,-0.21451960327409303,-1.7773172566584448,-0.4767693854156115,The Ruins
-0.49228023652938113,-0.6107232884337378,-1.7447370241211115,-0.6297570119551696,-0.44751050383522406,88 Minutes
-0.6780179487772484,-0.6758686086729926,-0.5877433644562927,-1.0525423652669026,-0.4812910625464778,Swing Vote
-0.49228023652938113,-0.6169939609701366,-0.6623881166927326,-0.44856328910728416,-0.4554646949924416,Pride & Glory
-0.21367366815758024,-0.5676124147459957,-1.5954475196482316,-1.7169193490424828,-0.47097701799614383,Bangkok Dangerous
-0.6780179487772484,-0.6010124552697312,-1.8567041524757715,-2.018908887122292,-0.33951833177540724,Disaster Movie
-0.7987474617383621,-0.564041615107213,0.30799366238098647,0.3970074175161817,-0.0974270780899685,The Duchess
-0.9566245171490493,-0.6854923491628826,-1.8193817763575515,-2.381296332818063,-0.11795615236295322,The Haunting of Molly Hartley
-0.6780179487772484,-0.6347608664899335,1.2410530653364855,-0.08617584341151309,-0.4033993981023557,Ghost Town
-1.0030589452110161,-0.6932435971592645,0.6812174235631862,1.0009864936758002,0.27344946146876037,Religulous
-0.8266081185755422,-0.6802667887158834,1.2410530653364855,-0.025777935795551245,-0.3982011196489874,Rachel Getting Married
-1.0179179621908454,-0.6511342892238637,0.755862175799626,-1.4753277185786355,1.6360915200450423,Under the Same Moon
0.06493290021422067,-0.6798313253453002,0.9797964325089458,0.5178032327481054,-0.5808009643680999,Miss Pettigrew Lives for a Day
0.06493290021422067,-0.5320786037064021,-1.222223758466032,-1.1733381804988263,-0.48747948927667817,Meet Dave
-0.49228023652938113,-0.7013867621891712,-0.4757762361016328,-1.3545319033467118,-0.5620706594646934,The Longshots
-0.6780179487772484,-0.6194761021824613,0.4946055429720863,-0.2673695662593986,-0.3745035708901401,"Be Kind, Rewind"
-0.43655892285502096,-0.6559243863002795,-0.1398748510376531,-0.8713486424190171,-0.515731720108953,Doomsday
-0.5851490926533148,-0.7038253570644375,0.4946055429720863,-2.0793067947382537,-0.5528292755475942,Stop-Loss
-0.770886804901182,-0.6604967516914038,0.00941465343522676,0.7593948632119527,-0.39405899935757327,Penelope
-0.3529769523434807,-0.7099218442526031,0.3826384146174264,0.6989969555959908,-0.5836393894283518,The Express
-0.9194769746994759,-0.701081937829763,-0.06523009880121317,-1.233736088114788,-0.34758804023158857,Smart People
-0.975198288373836,-0.673909023505368,1.5023096981640254,1.3029760317556094,0.11903583769680051,The Visitor
-0.8173212329631488,-0.5766265065170689,0.41996079073564635,1.3633739393715711,-0.09321894791343223,The Boy in the Striped Pyjamas
-0.6965917200020352,-0.6709478725854019,-0.21451960327409303,-0.025777935795551245,-0.46389745781679464,Sex Drive
-0.8266081185755422,-0.7139716535990274,0.5692502952085262,0.15541578705233428,-0.5046915668222756,Cadillac Records
-0.3994113804054475,-0.7086590004779116,-0.9236447495202723,-0.8713486424190171,-0.5791837221826075,Punisher: War Zone
-0.21367366815758024,-0.712055614768461,-0.6623881166927326,0.3970074175161817,-0.5926002313336819,Miracle at St. Anna
-0.3436900667310873,-0.6745622185612428,0.00941465343522676,-0.8109507348030552,-0.548934692325388,City of Ember
-0.770886804901182,-0.6072395814690719,1.0917635608636058,1.4237718469875331,-0.2594153361796936,In Bruges
-0.9844851739862294,-0.7190230286977931,-1.5581251435300116,-1.1733381804988263,-0.2627983427922031,Expelled: No Intelligence Allowed
-0.8637556610251157,-0.6591903615796539,-1.371513262938912,-0.8713486424190171,-0.27269982556052375,Over Her Dead Body
3.352490407001471,11.359772851866387,1.1664083131000456,1.8465572002992658,1.3099861850704033,Avatar
2.85099858393223,2.8891393672809325,-1.184901382347812,0.8801906784438764,0.030401064449050583,Transformers: Revenge of the Fallen
3.593949432923699,3.3145870803407713,1.1664083131000456,0.8197927708279146,-0.010261024786186016,Harry Potter and the Half-Blood Prince
-0.12080481203364661,2.3383652961672325,-0.9236447495202723,1.0009864936758002,1.7159634810428286,The Twilight Saga: New Moon
2.2009165910646944,2.4319028281685156,1.726243954873345,1.4841697546034949,0.06282842051530053,Up
-0.3994113804054475,1.2829762712216584,1.0171188086271659,1.5445676622194566,1.5772767124012177,The Hangover
1.5508345981971587,0.9267236877474984,1.5769544504004653,1.786159292683304,-0.17221627793335015,Star Trek
-0.5108540077541679,0.5938119409366008,0.4946055429720863,1.7257613850673423,1.1327001361036226,The Blind Side
0.3435394685860216,1.1664462732535796,-1.147579006229592,-0.14657375102747494,0.3428918606172489,Alvin and the Chipmunks: The Squeakquel
0.6221460369578224,1.529274353623547,0.6812174235631862,1.1821802165236857,0.3340465360108825,Sherlock Holmes
2.2009165910646944,0.9086519578682934,0.755862175799626,0.21581369466829614,-0.26703947791130045,Monsters Vs. Aliens
0.6221460369578224,3.108525813380775,-0.251841979392313,0.6385990479800291,0.9990301187312944,Ice Age: Dawn of the Dinosaurs
1.7365723104450261,0.8720730347393002,-0.5504209883380727,0.6385990479800291,-0.21632738366621843,X-Men Origins: Wolverine
1.7365723104450261,1.0458229196020183,-0.3264867316287529,-0.08617584341151309,-0.17243081005999708,Night at the Museum: Battle of the Smithsonian
2.6652608716843624,2.599077216135427,-0.4757762361016328,0.09501787943637244,0.008287752933134508,2012
-0.30654252428151385,0.6177624263186797,-0.3264867316287529,0.7593948632119527,0.6715385761690904,The Proposal
0.5292771808338889,0.8285266976809748,-0.8863223734020523,0.8801906784438764,0.07815921633491697,Fast and Furious
2.2009165910646944,0.5628940416251899,-0.6997104928109525,0.0346199718204106,-0.3419111901110848,G.I. Joe: The Rise of Cobra
-0.5665753214285281,0.04547646469816752,-0.6997104928109525,-0.6901549195711315,0.5364988536804778,Paul Blart: Mall Cop
-0.5851490926533148,0.23499012357599966,0.23334891014454653,1.3029760317556094,0.8703108427431266,Taken
2.6652608716843624,0.6640521826116796,0.00941465343522676,0.6385990479800291,-0.358347651506497,A Christmas Carol
1.7365723104450261,1.3632757167572105,-0.5877433644562927,0.21581369466829614,-0.09222879963660012,Angels & Demons
2.6652608716843624,0.8672829376628843,-0.6997104928109525,0.15541578705233428,-0.31984738600901036,Terminator Salvation
0.8078837492056897,0.30566582862166175,1.2783754414547055,0.5178032327481054,-0.22573379229612298,Cloudy with a Chance of Meatballs
0.25067061246208794,0.6469820184848163,1.3530201936911455,1.5445676622194566,0.13093411949006584,Inglourious Basterds
1.7365723104450261,0.48886526862603674,-1.110256630111372,-0.6901549195711315,-0.31313088019783286,G-Force
-0.49228023652938113,0.16518534527150405,1.4649873220458054,1.1821802165236857,0.5326207729295523,District 9
0.5292771808338889,0.20145944404108904,0.1587041579081066,0.09501787943637244,-0.2014256520998959,It's Complicated
0.06493290021422067,-0.004384091233615008,-1.483480391293572,-0.8713486424190171,-0.1541955792950066,Couples Retreat
1.3650968859492916,0.05427282478394929,0.45728316685386633,0.3970074175161817,-0.39156712619421263,Watchmen
0.9007526053296234,0.4102205838987011,1.2037306892182655,0.6385990479800291,-0.20710250222039972,The Princess and the Frog
0.8078837492056897,0.17968627551192634,0.5692502952085262,0.21581369466829614,-0.27347544171070887,Public Enemies
-0.30654252428151385,-0.2014748127595958,0.830506928036066,0.4574053251321435,-0.10460565309700089,Julie & Julia
-0.5851490926533148,0.026141891044271053,-0.3638091077469729,-0.08617584341151309,0.5537274336973557,He's Just Not That Into You
-0.3436900667310873,0.14127840622648338,-1.408835639057132,0.3970074175161817,0.26470315169007724,The Ugly Truth
-0.5851490926533148,0.11915686700085402,1.4276649459275854,0.8801906784438764,0.6947410507895215,Up in the Air
-0.12080481203364661,0.046782854809917326,-0.6997104928109525,-0.6901549195711315,-0.020888616290850127,Knowing
-0.3994113804054475,-0.07527752796456876,-0.28916435551053293,0.27621160228425795,0.10662597929383871,Hannah Montana: The Movie
0.8078837492056897,-0.31682905962709973,0.793184551917846,-0.14657375102747494,-0.46163661925136146,Where the Wild Things Are
-0.6111523723680161,-0.3067698557666266,1.4276649459275854,1.5445676622194566,0.08918286715031393,Zombieland
0.06493290021422067,-0.21014053383420253,1.3903425698093654,0.9405885860598383,-0.2841525406292146,Coraline
-0.06508349835928642,-0.2018667297931207,-0.9982895017567123,0.9405885860598383,-0.23297837718827757,Law Abiding Citizen
-0.3994113804054475,-0.23792309687741411,-0.21451960327409303,-0.2673695662593986,-0.06948839421202385,Hotel for Dogs
0.06493290021422067,0.3847459767195806,1.0917635608636058,1.2425781241396474,0.0915922279572719,Michael Jackson's This Is It
-0.30654252428151385,-0.35462728019372614,1.1664083131000456,0.6385990479800291,-0.2497118830667394,"I Love You, Man"
-0.6780179487772484,-0.43118174074226223,-1.184901382347812,-0.6901549195711315,-0.01768713686242647,Obsessed
-0.12080481203364661,-0.28939486728035474,-0.3638091077469729,-0.6901549195711315,-0.2756867728623005,Race to Witch Mountain
-0.30654252428151385,0.05814844878214019,-0.8489999972838324,-0.5693591043392079,0.141347178868083,The Final Destination
0.8078837492056897,-0.0987490036390062,-0.027907722682993203,-0.08617584341151309,-0.3789922430784454,The Taking of Pelham 1 2 3
-0.6965917200020352,-0.35462728019372614,-0.9982895017567123,-0.5693591043392079,0.16705802912315548,Friday the 13th
-0.6780179487772484,-0.15910422680184513,0.12138178178988665,0.5178032327481054,0.4978500659414664,17 Again
-0.3251162955063006,-0.31138576749480906,-0.5130986122198528,0.21581369466829614,-0.19802614301610583,The Time Traveler's Wife
-0.26939498183194044,-0.18305471218392408,0.6065726713267462,-0.8109507348030552,-0.11285688873726805,Bruno
-0.49228023652938113,-0.25120472968020335,-1.5208027674117917,-0.3277674738753605,0.006621003333800554,Bride Wars
-0.49228023652938113,-0.41506959603068183,-1.296868510702472,-0.6297570119551696,-0.20036949393794173,The Haunting in Connecticut
-0.12080481203364661,-0.3075101434966181,-0.9236447495202723,-0.8713486424190171,-0.289416828967705,Ghosts of Girlfriends Past
0.3435394685860216,-0.4409361202433271,0.6065726713267462,-0.20697165864343678,-0.46929376592552935,Funny People
-0.7894605761259688,-0.3139985477183086,0.19602653402632658,-0.8109507348030552,0.5605429543362164,My Bloody Valentine 3-D
-0.3994113804054475,-0.3313299898675221,-1.7447370241211115,-0.7505528271870934,-0.17061553821913825,Old Dogs
0.8078837492056897,-0.45317264095671655,-0.9609671256384923,-1.4149298109626736,-0.5133058568307145,Land of the Lost
-0.538714664591348,-0.335858808921588,-0.17719722715587305,0.6989969555959908,-0.052424838907951285,My Sister's Keeper
-0.3994113804054475,-0.35484501187901785,-0.8116776211656125,0.3970074175161817,-0.19607885140500275,Underworld: Rise of the Lycans
0.25067061246208794,-0.2810339705651563,-1.0356118778749321,-0.508961196723246,-0.3710050469786668,Confessions of a Shopaholic
0.1578017563381543,-0.3454390030744195,-0.7370328689291725,-0.2673695662593986,-0.38938879998518205,The Lovely Bones
0.06493290021422067,-0.48112938934816146,-1.408835639057132,-1.8377151642744065,-0.4552996702796362,Year One
-0.7523130336763953,-0.41946777607357266,-1.5208027674117917,-1.3545319033467118,0.16233832233692264,The Unborn
0.25067061246208794,-0.2926172962226708,-1.110256630111372,-0.9921444576509407,-0.37775455773240535,Planet 51
-0.49228023652938113,-0.3572400604172257,1.5023096981640254,-0.025777935795551245,-0.12731305357901612,Drag Me to Hell
-0.49228023652938113,-0.41868394200652287,0.12138178178988665,0.21581369466829614,-0.2049241760113692,Orphan
0.06493290021422067,-0.41236972313306564,0.45728316685386633,-1.4149298109626736,-0.4118816683405504,Duplicity
0.4364083247099552,-0.21950299630174247,-0.4757762361016328,-1.1733381804988263,-0.37423953134965154,Surrogates
-0.12080481203364661,-0.4844389109645942,-0.9982895017567123,-0.2673695662593986,-0.42351591059332705,Ninja Assassin
0.06493290021422067,-0.22037392304290898,0.8678293041542859,0.7593948632119527,-0.2906050068999035,Invictus
0.06493290021422067,-0.36812664468180706,1.2037306892182655,0.5782011403640672,-0.38420702400309426,State of Play
-0.6780179487772484,-0.5594692497160888,-0.06523009880121317,0.27621160228425795,-0.26076853882469736,Notorious
0.04635912898943394,-0.42194991728589726,-1.483480391293572,-0.8713486424190171,-0.4143900439751916,The Pink Panther 2
-0.770886804901182,-0.5779328966288187,-1.7074146480028916,-1.5961235338105593,-0.18540175248649698,All About Steve
-0.770886804901182,-0.5810246865599599,-1.184901382347812,-0.9921444576509407,-0.1932239238734703,Halloween II
-0.640870406327675,-0.5707912973512534,0.9797964325089458,-1.1733381804988263,-0.31354344197984624,The Informant!
-0.5851490926533148,-0.45243235322672504,0.00941465343522676,-1.1129402728828643,-0.17172120379493408,The Men Who Stare at Goats
-0.9101900890870825,-0.4882274422886685,1.3156978175729255,1.1821802165236857,0.7092467230451114,(500) Days of Summer
-0.3436900667310873,-0.5399169443769007,-1.110256630111372,-0.8713486424190171,-0.4146540835156801,Push
-0.49228023652938113,-0.5418329832074671,0.19602653402632658,-0.20697165864343678,-0.36049297277296644,9
0.06493290021422067,-0.5858147836363756,0.1587041579081066,-0.14657375102747494,-0.5214250727007373,The Soloist
0.02778535776464721,-0.38127763847342133,-1.483480391293572,-1.8377151642744065,-0.3841575165892527,Did You Hear About the Morgans?
-0.6780179487772484,-0.6167762292848451,-1.483480391293572,-0.8109507348030552,-0.36935479985061337,The Stepfather
-0.5665753214285281,-0.5642158004554463,0.34531603849920645,0.0346199718204106,-0.35215922477629663,Brothers
-0.8451818898003289,-0.4556983285060994,-0.4384538599834128,0.3366095099002198,0.3962113453246553,Saw VI
-0.5851490926533148,-0.6157746635325035,-1.296868510702472,-1.5961235338105593,-0.4193242828880714,Dance Flick
-0.8637556610251157,-0.5449247731386081,-1.259546134584252,-1.0525423652669026,0.16037452825453907,The Fourth Kind
-0.12080481203364661,-0.4909273151862847,0.23334891014454653,-1.3545319033467118,-0.4284336470349263,The International
-0.21367366815758024,-0.5005946020132329,-0.8116776211656125,-0.9317465500349789,-0.4145385662167164,Aliens in the Attic
-0.7151654912268218,-0.6352398761975749,-0.027907722682993203,-1.29413399573075,-0.3796193369871057,Observe and Report
-0.7151654912268218,-0.5955256168003823,-1.259546134584252,-1.29413399573075,-0.29601781747991873,Love Happens
-0.7151654912268218,-0.41641953247948993,-0.9982895017567123,-1.1129402728828643,0.08108015375157152,Fame
-0.30654252428151385,-0.5503245189338405,1.5396320742822454,1.1217823089077237,-0.4351171479035428,Fantastic Mr. Fox
-0.8173212329631488,-0.574884653034736,-0.8489999972838324,-1.1129402728828643,-0.0878886496898196,Gamer
0.4364083247099552,-0.5175341271289214,-0.5504209883380727,-1.29413399573075,-0.5154181731546228,Nine
0.1578017563381543,-0.5789344623811603,-0.10255247491943313,-0.508961196723246,-0.5255341880495904,Astro Boy
-0.7058786056144285,-0.6115506688378459,0.1587041579081066,-0.8713486424190171,-0.33776906981967064,The Invention of Lying
0.06493290021422067,-0.48073747231463654,-0.4757762361016328,-0.6297570119551696,-0.4550521332104282,Inkheart
-0.6780179487772484,-0.6716446139783351,-1.110256630111372,-0.5693591043392079,-0.47332036891797974,Fired Up!
-0.770886804901182,-0.5383057299057427,1.688921578755125,1.3029760317556094,-0.08529776169877572,The Hurt Locker
-0.7523130336763953,-0.6152521074878036,-0.3638091077469729,-1.4753277185786355,-0.3013811206460924,Jennifer's Body
-0.02793595590971297,-0.6525277720097301,-0.5130986122198528,-1.0525423652669026,-0.5578130218743156,Imagine That
-0.8674704152700731,-0.6779152865147339,1.3903425698093654,-0.3277674738753605,-0.33783507970479276,Adventureland
-0.6780179487772484,-0.6829666616134996,-0.4384538599834128,-1.656521441426521,-0.49477358158267437,Armored
-0.7894605761259688,-0.6532245134026634,0.34531603849920645,-0.6901549195711315,-0.3576875526552756,A Perfect Getaway
-0.49228023652938113,-0.6072831278061301,-0.21451960327409303,-2.0793067947382537,-0.4431703538884435,The Box
-0.7151654912268218,-0.6837504956805495,-1.408835639057132,-1.4149298109626736,-0.4817531317423328,I Love You Beth Cooper
-0.30654252428151385,-0.6690318337548355,-1.147579006229592,-1.5961235338105593,-0.5475814896803842,Amelia
-0.30654252428151385,-0.5818085206270098,-0.5130986122198528,-0.6901549195711315,-0.4649371135074683,Cirque du Freak: The Vampire's Assistant
-0.8098917244732342,-0.6024059380555976,0.3826384146174264,-0.44856328910728416,-0.18545125990033864,Crank: High Voltage
-0.770886804901182,-0.6829666616134996,1.2037306892182655,0.6989969555959908,-0.4507614906774893,Whip It
-0.9101900890870825,-0.6390284075216492,1.5769544504004653,1.0009864936758002,-0.05272188339100091,An Education
-0.6780179487772484,-0.677392730470034,-0.8116776211656125,-0.5693591043392079,-0.4842450049056935,12 Rounds
-0.9566245171490493,-0.6804845204011751,0.755862175799626,-0.14657375102747494,-0.07990145359004103,Sunshine Cleaning
-0.8173212329631488,-0.6341512177711168,-1.110256630111372,-1.4149298109626736,-0.2675675569922775,Sorority Row
-0.9101900890870825,-0.7054801178726539,0.3826384146174264,-1.4753277185786355,-0.38861318383499693,Extract
-0.9566245171490493,-0.7060462202544121,-0.6623881166927326,0.27621160228425795,-0.2736404664235142,Not Easily Broken
-0.30654252428151385,-0.6786120279076671,-0.8863223734020523,-0.7505528271870934,-0.5566578488846782,Pandorum
-0.3994113804054475,-0.6995142696956633,-1.6700922718846716,-2.018908887122292,-0.5692657369430064,Whiteout
-0.9937720595986228,-0.7090944638484948,-1.147579006229592,-2.0793067947382537,-0.07671647663289788,Next Day Air
-0.6594441775524617,-0.6878003050269738,0.5692502952085262,0.7593948632119527,-0.5097908304479607,Away We Go
-0.49228023652938113,-0.49907048021619155,-1.371513262938912,-2.018908887122292,-0.30648038427177754,Dragonball Evolution
-0.9194769746994759,-0.6157746635325035,1.3903425698093654,0.15541578705233428,0.11415110619776238,A Serious Man
-0.6594441775524617,-0.6812248081311666,-0.21451960327409303,-0.3881653814913223,-0.4979090511259759,Everybody's Fine
-0.12080481203364661,-0.6989046209768467,-1.334190886820692,-2.018908887122292,-0.5860652527065904,Street Fighter: The Legend of Chun-Li
-0.7337392624516086,-0.6742138478647762,-1.5954475196482316,-1.1129402728828643,-0.4518671562532851,My Life in Ruins
-0.12080481203364661,-0.5943934120368658,0.30799366238098647,0.6385990479800291,-0.5068533905600255,"Pirate Radio (The Boat that Rocked, UK)"
-0.5851490926533148,-0.6323222716146673,0.8678293041542859,0.21581369466829614,-0.4444245417057641,The Road
-0.5108540077541679,-0.7091815565226116,-0.1398748510376531,-0.8109507348030552,-0.570024850621911,Taking Woodstock
-0.770886804901182,-0.7248582378636087,-1.6700922718846716,-1.8377151642744065,-0.5566083414708366,Post Grad
-0.770886804901182,-0.5998367041691565,-0.06523009880121317,0.09501787943637244,-0.2407345386901287,Whatever Works
-0.6780179487772484,-0.6999497330662465,1.0171188086271659,-0.08617584341151309,-0.5261282770156896,Bandslam
-0.7151654912268218,-0.4881838959516102,1.5396320742822454,1.3633739393715711,-0.07001647329300094,127 Hours
-0.3994113804054475,-0.24894032015317044,-1.446158015175352,-1.29413399573075,-0.0814031784765696,A Nightmare on Elm Street
2.6652608716843624,3.71288800687845,0.00941465343522676,0.6385990479800291,0.2193378581398883,Alice in Wonderland
-0.770886804901182,-0.5779328966288187,-1.7074146480028916,-1.5961235338105593,-0.18540175248649698,All About Steve
-0.6780179487772484,-0.5327013163263362,-1.296868510702472,-1.233736088114788,-0.21003994210833482,Alpha and Omega
-0.8080343473507555,0.6817624778933006,1.3530201936911455,1.4841697546034949,3.554635826177404,Black Swan
-0.7337392624516086,-0.5939623032999884,-0.3638091077469729,-0.8713486424190171,-0.2730628799286955,Brooklyn's Finest
-1.0123458308234095,-0.6692582747075388,1.2783754414547055,0.09501787943637244,0.9531532485714089,Buried
-0.02793595590971297,-0.3628183461943972,-0.5877433644562927,0.27621160228425795,-0.35819912926497216,Burlesque
-0.5665753214285281,-0.629883676739401,-1.0729342539931521,-1.1733381804988263,-0.44787355820339575,Case 39
0.5292771808338889,-0.26278805533771793,-1.446158015175352,-1.1129402728828643,-0.4083996469003576,Cats & Dogs: The Revenge of Kitty Galore
-0.23224743938236697,-0.5427997118901619,-0.9236447495202723,0.0346199718204106,-0.446058286362537,Charlie St. Cloud
-0.9380507459242626,-0.7183524151070949,1.0917635608636058,0.9405885860598383,-0.41023142121249695,City Island
1.2722280298253579,1.3951255076816698,-0.8863223734020523,-0.8109507348030552,0.024344657489094455,Clash of the Titans
-0.8173212329631488,-0.7103573076231863,0.6065726713267462,0.5782011403640672,-0.49860215491975834,Conviction
-0.49228023652938113,-0.510575422467001,-1.222223758466032,-0.9921444576509407,-0.3210190614699283,Cop Out
-0.770886804901182,-0.6632488801934899,-1.184901382347812,-0.3277674738753605,-0.40095703235283664,Country Strong
-0.9194769746994759,-0.7094428345449615,1.0544411847453858,-0.6297570119551696,-0.39293683131049695,Cyrus
-0.02793595590971297,-0.08959120895564034,0.5319279190903062,-0.20697165864343678,-0.16993893689663642,Date Night
-0.6780179487772484,-0.5287690820899694,0.5692502952085262,-0.6901549195711315,-0.2025973275608138,Daybreakers
-0.5851490926533148,-0.25198856374725326,-0.8489999972838324,0.27621160228425795,0.13212229742226425,Dear John
-0.6594441775524617,-0.5390460176357342,-0.4384538599834128,-0.8109507348030552,-0.24134513012750847,Death at a Funeral
0.2320968412373012,1.6124173749690078,1.0917635608636058,1.1821802165236857,0.6721491676064701,Despicable Me
-0.8637556610251157,-0.47963139535335503,0.00941465343522676,-0.9921444576509407,0.4078125826348711,Devil
-0.770886804901182,-0.42299502937529704,0.046737029553446725,-0.7505528271870934,0.20603686628777762,Diary of a Wimpy Kid
0.2320968412373012,-0.37441909038673504,-0.3264867316287529,-0.8713486424190171,-0.4190602433475828,Dinner for Schmucks
-0.12080481203364661,0.16958352531439488,-0.4384538599834128,-0.3277674738753605,0.07218532173136354,Due Date
-0.9009032034746891,-0.4262610046546714,1.2410530653364855,0.8197927708279146,0.9192901775037524,Easy A
0.06493290021422067,0.13827370896945892,-0.5877433644562927,-0.9317465500349789,-0.06409208610328905,Eat Pray Love
0.4364083247099552,-0.3993929146896847,0.12138178178988665,-0.3277674738753605,-0.45945829304233093,Edge of Darkness
-0.4737064653045944,-0.6867116466005156,-0.9236447495202723,-0.3881653814913223,-0.5461952820928193,Extraordinary Measures
-0.6037228638781015,-0.5975026205028302,-0.4011314838651928,-0.6901549195711315,-0.3818306681386973,Faster
-0.6594441775524617,-0.5129225700344447,-0.6997104928109525,0.6989969555959908,-0.19419756967902188,For Colored Girls
-0.08365726958407316,-0.522589856861393,-0.5130986122198528,-0.2673695662593986,-0.45914474608800065,From Paris with Love
-0.3994113804054475,-0.5948462939422724,-1.6327698957664516,-1.5357256261945973,-0.45594326665957713,Furry Vengeance
-0.30654252428151385,-0.3552499928136602,0.793184551917846,0.09501787943637244,-0.25030597203283866,Get Him to the Greek
-0.45513269407980766,-0.5695284535765619,0.046737029553446725,-0.3277674738753605,-0.4099343767294473,Going the Distance
0.8078837492056897,-0.3394818641648406,0.046737029553446725,-0.08617584341151309,-0.4702179043172393,Green Zone
0.4364083247099552,0.4293374258673059,-1.5581251435300116,-0.14657375102747494,-0.06688100374969935,Grown Ups
1.0307690039031305,0.28107085745111954,-1.147579006229592,-1.8377151642744065,-0.27702347303602376,Gulliver's Travels
1.2722280298253579,3.4247593130983347,1.0171188086271659,1.5445676622194566,0.6396723041263787,Harry Potter and the Deathly Hallows Part 1
-0.3808376091806608,-0.4714577478875074,0.45728316685386633,-0.2673695662593986,-0.3308050269392851,Hot Tub Time Machine
2.015178878816827,1.4023803274355866,1.726243954873345,1.7257613850673423,-0.13183473070988255,How to Train Your Dragon
-0.770886804901182,-0.6624040812545583,0.718539799681406,-0.2673695662593986,-0.39881171108636715,I Love You Phillip Morris
1.9223100226928933,2.8422660900713503,1.2783754414547055,1.9069551079152278,0.22466815636350093,Inception
2.6652608716843624,1.9643458071732756,0.830506928036066,1.1217823089077237,-0.11196575528811917,Iron Man 2
-0.6780179487772484,-0.005015513120960771,0.41996079073564635,0.6385990479800291,0.7898282903079604,Jackass 3-D
-0.1765261257080068,-0.7051317471761873,-1.446158015175352,-2.2605005175861397,-0.588491115984829,Jonah Hex
-0.8266081185755422,-0.6587157065057183,-0.251841979392313,-0.20697165864343678,-0.3301779330306248,Just Wright
-0.49228023652938113,-0.33377729401019995,0.9051516802725059,1.3029760317556094,-0.09767461515917648,Kick-Ass
0.3435394685860216,-0.32518995634229825,-1.5208027674117917,-0.9921444576509407,-0.41080900770731565,Killers
1.123637860027064,0.3879553417607793,0.046737029553446725,-0.5693591043392079,-0.25735252726962676,Knight and Day
-0.6965917200020352,-0.6106449050270328,-1.147579006229592,-0.7505528271870934,-0.3435779397104187,Leap Year
0.4364083247099552,-0.14267419382973898,-0.027907722682993203,0.21581369466829614,-0.3378515821760733,Legend of the Guardians: The Owls of Ga'Hoole
-0.5665753214285281,-0.4568740796066742,-1.222223758466032,-1.5357256261945973,-0.19569929456555044,Legion
-0.49228023652938113,-0.40784525871270566,-0.4384538599834128,0.0346199718204106,-0.19124362731980618,Letters to Juliet
-0.08365726958407316,-0.5202165814917143,-0.8863223734020523,0.0346199718204106,-0.45830312005269347,Life as We Know It
0.8078837492056897,0.6001218051763522,-1.5954475196482316,-1.29413399573075,-0.11414408149714979,Little Fockers
-0.49228023652938113,-0.3049757466798235,-0.1398748510376531,-0.3881653814913223,-0.06130316845687875,Love & Other Drugs
-0.8637556610251157,-0.7120251323325202,-0.17719722715587305,-1.7169193490424828,-0.47287480219340533,MacGruber
-0.6780179487772484,-0.5606493554503694,0.793184551917846,0.27621160228425795,-0.26299637244756957,Machete
-0.12080481203364661,-0.38790974560740427,-1.5954475196482316,-0.9317465500349789,-0.35036045540671834,Marmaduke
1.3650968859492916,0.6490461148613809,0.755862175799626,0.6989969555959908,-0.21819216292091878,Megamind
-0.30654252428151385,-0.4911929478423404,0.08405940567166668,-0.44856328910728416,-0.37909125790612863,Morning Glory
-0.5851490926533148,-0.661319777461806,-1.5954475196482316,-1.9585109795063302,-0.48837062272582704,My Soul to Take
-0.3994113804054475,-0.3466147541749943,0.9424740563907259,-0.44856328910728416,-0.18716751691351424,Nanny McPhee Returns
-0.770886804901182,-0.7114895123867028,0.6812174235631862,0.5178032327481054,-0.5228277827595827,Never Let Me Go
0.7150148930817561,0.23368373346424984,-0.06523009880121317,-0.2673695662593986,-0.23334143155644932,Percy Jackson & the Olympians: The Lightning Thief
-0.6037228638781015,-0.39038753218602296,0.830506928036066,-0.9921444576509407,-0.0547846923010677,Piranha 3-D
-0.9937720595986228,-0.7338766842683878,1.3530201936911455,0.0346199718204106,-0.38976835682463434,Please Give
-0.30654252428151385,-0.19859204524633464,0.45728316685386633,-0.5693591043392079,-0.10188274533571276,Predators
2.6652608716843624,0.7121055655555418,-0.5877433644562927,0.5782011403640672,-0.3492547898309225,Prince of Persia: The Sands of Time
0.02778535776464721,0.11395743435609001,0.718539799681406,0.6385990479800291,-0.060577059720535245,Red
-0.7523130336763953,-0.5086332558341998,-0.8863223734020523,0.5178032327481054,-0.04886030511135592,Remember Me
-0.45513269407980766,-0.6724719943824432,-1.110256630111372,-1.1129402728828643,-0.5318546345500351,Repo Men
0.06493290021422067,0.5372887954348946,-1.0356118778749321,-0.508961196723246,0.18793365529303138,Resident Evil: Afterlife
2.6652608716843624,0.6481098686146267,-0.3638091077469729,-0.14657375102747494,-0.36138410622211525,Robin Hood
0.993621461453557,0.5254529010224417,0.3826384146174264,0.0346199718204106,-0.18647441311973179,Salt
-0.6780179487772484,-0.15975742185772004,-1.5581251435300116,-0.8713486424190171,0.4966123805954263,Saw 3-D
0.06493290021422067,-0.5450989584868414,1.0917635608636058,1.3029760317556094,-0.4957142224456648,Scott Pilgrim vs. the World
0.8078837492056897,0.5030047642688749,-1.371513262938912,-0.7505528271870934,-0.1509445924527413,Sex and the City 2
-0.6780179487772484,-0.5358758442978881,0.19602653402632658,-0.08617584341151309,-0.21606334412572986,She's Out of My League
2.015178878816827,2.5246739446375726,0.19602653402632658,0.15541578705233428,0.12591736822078337,Shrek Forever After
0.4364083247099552,0.5311139248400241,0.6065726713267462,0.6989969555959908,-0.01867728513925857,Shutter Island
-0.8637556610251157,-0.4616772405842075,-1.334190886820692,-2.5624900556659487,0.47585227172451405,Skyline
-0.770886804901182,-0.7300925075780194,1.0917635608636058,-0.8713486424190171,-0.5698268209665446,Solitary Man
-0.49228023652938113,-0.058986843271049284,-0.21451960327409303,0.3366095099002198,0.24943836575558295,Step Up 3D
-0.640870406327675,-0.7113632280092337,-0.10255247491943313,-2.5020921480499867,-0.5556842030791266,Stone
-0.45513269407980766,-0.45195334351908345,-0.9236447495202723,-0.2673695662593986,-0.27070302653557904,Takers
3.779687145171566,1.8244052984026413,1.3903425698093654,1.6049655698354186,-0.25118060301070694,Tangled
0.8078837492056897,0.0191570585801156,-0.17719722715587305,0.5782011403640672,-0.3343035508507584,The A-Team
-0.6780179487772484,-0.45707003812343666,0.5319279190903062,-1.4753277185786355,-0.06673248150817458,The American
-0.3994113804054475,-0.4152568452800326,-1.184901382347812,-0.8713486424190171,-0.2614946475610409,The Back-up Plan
0.4364083247099552,-0.06849736328458754,-0.1398748510376531,0.3970074175161817,-0.3027178208198157,The Book of Eli
-0.30654252428151385,-0.1589605238895527,-1.6700922718846716,-1.233736088114788,-0.06433962317249713,The Bounty Hunter
1.8294411665689598,1.0575151111021788,-0.10255247491943313,0.09501787943637244,-0.1842300770255791,The Chronicles of Narnia: The Voyage of the Dawn Treader
-0.6780179487772484,-0.5139938099260797,0.755862175799626,-0.44856328910728416,-0.1745926337977471,The Crazies
0.47355586715952863,0.4425711576993309,-0.4384538599834128,-0.20697165864343678,-0.07442263312490353,The Expendables
-0.5851490926533148,-0.1902224392637245,1.4649873220458054,1.6049655698354186,0.22575731946801614,The Fighter
-0.21367366815758024,-0.49040475914158477,1.1664083131000456,0.3970074175161817,-0.40595728115083857,The Ghost Writer
-0.8637556610251157,-0.7440621725063301,0.34531603849920645,-0.8713486424190171,-0.5942834834042965,The Joneses
-0.30654252428151385,0.8111952555317612,0.5319279190903062,0.8197927708279146,0.8547985197394241,The Karate Kid
-0.975198288373836,-0.6015175927796078,1.5769544504004653,0.6385990479800291,0.8049610564722106,The Kids Are All Right
-0.770886804901182,1.0510658985838408,1.6142768265186853,1.9069551079152278,3.9301330576946825,The King's Speech
1.7365723104450261,0.6395922050860184,-1.7074146480028916,-1.1733381804988263,-0.27505967895364014,The Last Airbender
-1.0160605850683668,-0.4576883961096649,0.793184551917846,-1.7773172566584448,5.582987576210441,The Last Exorcism
-0.6780179487772484,-0.36490421573949094,-1.222223758466032,0.27621160228425795,0.10789666958243983,The Last Song
-0.5851490926533148,-0.6247016626294603,-0.17719722715587305,-0.3881653814913223,-0.43285630933810954,The Losers
-0.49228023652938113,-0.4589207574484155,-0.027907722682993203,0.27621160228425795,-0.2557682900266955,The Next Three Days
0.8078837492056897,-0.010476223788074734,0.9797964325089458,-0.2673695662593986,-0.3455417337928023,The Other Guys
-0.8637556610251157,-0.7322741790646415,0.6065726713267462,-0.3277674738753605,-0.5496112936478901,The Runaways
-0.12080481203364661,0.22679905757532864,1.651599202636905,1.6653634774513804,0.11555381625660774,The Social Network
1.7365723104450261,0.18482474328480877,-0.3638091077469729,-0.2673695662593986,-0.3899498840087202,The Sorcerer's Apprentice
-0.6965917200020352,-0.535645048711479,0.00941465343522676,-1.0525423652669026,-0.19398303755237492,The Switch
0.8078837492056897,0.4594540725768437,-1.184901382347812,-1.0525423652669026,-0.16744706373327564,The Tourist
-0.3622638379558741,-0.0819183443659634,1.5769544504004653,1.3029760317556094,0.06017152263913448,The Town
0.21352307001251447,2.2890229416464445,-0.06523009880121317,0.7593948632119527,1.0683239956382582,The Twilight Saga: Eclipse
1.7365723104450261,-0.14390655516848966,-0.6997104928109525,-1.4149298109626736,-0.47300682196364957,The Wolfman
-0.15795235448322006,-0.2629186943488929,-1.334190886820692,-0.9317465500349789,-0.24015695219531,Tooth Fairy
2.6652608716843624,3.8770315697861024,1.763566330991565,1.786159292683304,0.25044501650369555,Toy Story 3
2.1080477349407607,0.989482668715957,-0.06523009880121317,0.3366095099002198,-0.2384406951821344,Tron: Legacy
-0.3436900667310873,0.34591570796467186,1.651599202636905,1.4841697546034949,0.46877271154516487,True Grit
0.7150148930817561,-0.021924555800708564,1.2783754414547055,0.6989969555959908,-0.33531020159887104,Unstoppable
-0.08365726958407316,0.19007207690033703,-1.296868510702472,-0.44856328910728416,0.06023753252425665,Valentine's Day
-0.6780179487772484,-0.4018924744368325,-1.7820594002393315,-1.7773172566584448,0.03781067405401052,Vampires Suck
0.25067061246208794,-0.16588439148182646,0.08405940567166668,-1.1129402728828643,-0.30913728214794356,Wall Street: Money Never Sleeps
-0.6780179487772484,-0.4884451739739601,-0.9236447495202723,0.3366095099002198,-0.12619088553193977,Why Did I Get Married Too?
0.4364083247099552,0.12518368004972633,-1.408835639057132,-1.5357256261945973,-0.21096408050004475,Yogi Bear
-0.6780179487772484,-0.6132794584190616,-1.259546134584252,-0.9921444576509407,-0.36272080639583854,You Again
-0.640870406327675,-0.6034205677090566,-0.3264867316287529,-1.5961235338105593,-0.3697508591613462,You Will Meet a Tall Dark Stranger
-0.7151654912268218,-0.6670766032209167,0.6065726713267462,-0.5693591043392079,-0.4466523753286363,Youth in Revolt
-0.5294277789789545,-0.5760604041353108,-0.3264867316287529,-0.8109507348030552,-0.3878210652135313,30 Minutes or Less
-0.9009032034746891,-0.581982705975243,1.5396320742822454,1.9069551079152278,0.1815637013787451,50/50
-0.6780179487772484,-0.6330625593446587,1.0171188086271659,1.6653634774513804,-0.40019791867393206,A Dangerous Method
-0.6965917200020352,-0.5985303140574068,0.755862175799626,0.5782011403640672,-0.319434824226997,A Very Harold and Kumar Christmas
-0.3994113804054475,-0.3951689199950271,-1.7820594002393315,-0.9317465500349789,-0.23976089288457716,Abduction
-0.49228023652938113,-0.6856229881740575,-0.21451960327409303,0.27621160228425795,-0.5421191716865275,Anonymous
-1.0457786190280256,-0.7449330992474966,0.41996079073564635,0.7593948632119527,0.834500480064367,Another Earth
-0.9566245171490493,-0.6413363633857405,-1.0729342539931521,-1.8377151642744065,0.21687898991908866,Apollo 18
-0.30654252428151385,-0.5534598552020399,-0.9609671256384923,-0.7505528271870934,-0.4381040952053194,Arthur
1.7365723104450261,-0.11072424633004568,1.5023096981640254,1.2425781241396474,-0.4646235665531382,Arthur Christmas
0.009211586539860483,0.009420097613874086,0.12138178178988665,0.0346199718204106,-0.12082758236576611,Average
-0.6780179487772484,0.18883100629417465,-0.28916435551053293,-1.4149298109626736,1.1570907886562525,Bad Teacher
0.25067061246208794,0.16975771066262815,-0.6250657405745126,-0.6901549195711315,-0.12742857087797985,Battle: Los Angeles
-0.7337392624516086,-0.5646512638260295,-1.222223758466032,-0.6901549195711315,-0.2077791035429016,Beastly
-0.9900573053536653,-0.6903259925763566,1.2037306892182655,1.1217823089077237,0.11118066136726618,Beginners
-0.44584580846741434,0.5031484671811673,1.4276649459275854,0.9405885860598383,0.8375204323087049,Bridesmaids
1.5508345981971587,0.8610558114635437,0.9797964325089458,0.8197927708279146,-0.1899894395024856,Captain America: The First Avenger
2.6652608716843624,1.685300879303527,-0.5130986122198528,-0.3277674738753605,-0.16483967327095123,Cars 2
-0.8637556610251157,-0.722768013684809,1.2783754414547055,-0.025777935795551245,-0.513569896371203,Cedar Rapids
-0.30654252428151385,-0.4871387838622104,-0.8863223734020523,-0.3881653814913223,-0.3752791870403252,Colombiana
0.6221460369578224,-0.5401346760621923,-1.110256630111372,-1.656521441426521,-0.5373169525438919,Conan the Barbarian
0.06493290021422067,-0.16276211911474447,1.2037306892182655,0.09501787943637244,-0.2542335601976058,Contagion
1.9780313363672535,0.0086362635468242,-0.28916435551053293,-0.6901549195711315,-0.4498043473432183,Cowboys and Aliens
-0.12080481203364661,-0.13058137602864206,0.9797964325089458,1.1821802165236857,-0.15531774734208295,"Crazy, Stupid, Love"
-0.6594441775524617,-0.43727822793042775,-0.17719722715587305,0.09501787943637244,-0.057722132189002864,Diary of a Wimpy Kid 2: Rodrick Rules
-0.3622638379558741,-0.3371651990333377,1.2037306892182655,1.1821802165236857,-0.20126062738709052,Dolphin Tale
-0.5851490926533148,-0.5915629001280746,0.2706712862627665,-1.4753277185786355,-0.38260628428888244,Don't Be Afraid Of The Dark
-0.12080481203364661,-0.5849874032322675,-1.6700922718846716,-1.4149298109626736,-0.49972432296683467,Dream House
-0.770886804901182,-0.42094835153355575,1.5396320742822454,1.061384401291762,0.21125164721242642,Drive
-0.21367366815758024,-0.6266612477970849,-0.251841979392313,-1.4149298109626736,-0.5206989639643937,Drive Angry
-0.6780179487772484,-0.7324788468488156,-1.7074146480028916,-2.018908887122292,-0.588557125869951,Dylan Dog: Dead of Night
-0.9566245171490493,-0.740839743564014,0.830506928036066,-0.508961196723246,-0.5373169525438919,Everything Must Go
-0.30654252428151385,-0.5120603525606899,-0.17719722715587305,0.0346199718204106,-0.3988612185002088,Extremely Loud and Incredibly Close
1.2722280298253579,1.9739260013261075,0.9797964325089458,1.3029760317556094,0.1998154346150161,Fast Five
-0.30654252428151385,-0.06508768509292072,0.34531603849920645,-0.3277674738753605,0.024592194558302527,Final Destination 5
-0.6037228638781015,-0.4759473752382208,0.718539799681406,0.5782011403640672,-0.18987392220352187,Footloose
-0.3994113804054475,-0.10144887653662239,0.718539799681406,0.3970074175161817,0.07829123610516121,Friends With Benefits
-0.49228023652938113,-0.5741008189676862,0.8678293041542859,0.3970074175161817,-0.40125407683588626,Fright Night
-0.3808376091806608,0.09202749901351735,0.1587041579081066,-0.5693591043392079,0.2623598007682412,Gnomeo and Juliet
2.6652608716843624,0.20472541932046345,-0.9236447495202723,-0.8109507348030552,-0.44538168504003506,Green Lantern
-0.3808376091806608,-0.3905094619297863,-0.6250657405745126,-1.0525423652669026,-0.2455862652466058,Hall Pass
-0.49228023652938113,-0.4749022631488209,0.718539799681406,0.3366095099002198,-0.275950812402789,Hanna
1.4579657420732253,-0.09766034521254806,-0.4011314838651928,-0.14657375102747494,-0.44293931929051605,Happy Feet 2
1.2722280298253579,5.089143861804589,1.651599202636905,1.8465572002992658,1.1442683684712773,Harry Potter and the Deathly Hallows Part 2
0.12065421388858084,0.048394069281075265,-0.9609671256384923,-0.6901549195711315,-0.1449376929066268,Hop
-0.3994113804054475,0.1602646091839132,0.6438950474449662,0.6385990479800291,0.3616551704632165,Horrible Bosses
1.7365723104450261,0.056315147991984726,1.5396320742822454,1.3633739393715711,-0.42241024501753127,Hugo
0.06493290021422067,-0.09996830107663932,-0.7370328689291725,-0.2673695662593986,-0.2145616192392012,I Am Number Four
0.3435394685860216,0.2354255869465829,-0.5877433644562927,-0.14657375102747494,-0.12752758570566305,Immortals
-0.30654252428151385,0.004760639548633299,-0.5130986122198528,-0.3881653814913223,0.0907836068645257,In Time
-1.0216327164358028,-0.3301977851040056,0.5692502952085262,0.21581369466829614,10.045800392019187,Insidious
-0.3994113804054475,-0.3841952430563291,-0.3638091077469729,1.3633739393715711,-0.22787911356259247,J.Edgar
0.41783455348516846,-0.10083922781780577,-1.7820594002393315,-0.14657375102747494,-0.31412102847466494,Jack and Jill
-0.21367366815758024,-0.055551037277147344,-0.5130986122198528,-0.3881653814913223,-0.039750940964500894,Johnny English Reborn
0.4364083247099552,0.18338771416188399,-1.222223758466032,0.09501787943637244,-0.18340495346155236,Just Go With It
0.25067061246208794,-0.5071265525719817,-0.9982895017567123,-0.8109507348030552,-0.49386594566224495,Killer Elite
1.7365723104450261,2.1461953107288427,1.1290859369818256,1.1217823089077237,0.10556982113188454,Kung Fu Panda 2
-0.49228023652938113,-0.4390636277498191,-0.6623881166927326,-0.9317465500349789,-0.23068453368028327,Larry Crowne
-0.5480015502037413,-0.04784333561782383,0.6438950474449662,0.6989969555959908,0.36243078661340167,Limitless
-0.49228023652938113,-0.7478507038304045,-0.8489999972838324,0.5782011403640672,-0.6207204423957124,Machine Gun Preacher
-0.9844851739862294,-0.6677254436430857,1.2783754414547055,0.6989969555959908,0.2928233627521077,Margin Call
1.7365723104450261,-0.5828536327164096,-0.5877433644562927,-1.1129402728828643,-0.5839034289688404,Mars Needs Moms
-0.7337392624516086,-0.09456855528140692,1.5396320742822454,1.3633739393715711,0.840177330184871,Midnight in Paris
1.6437034543210924,2.2725667808721033,1.5396320742822454,1.4841697546034949,0.16385654969473182,Mission Impossible 4
-0.12080481203364661,-0.2727601665240744,1.6142768265186853,1.6653634774513804,-0.2630788848039722,Moneyball
-0.6780179487772484,-0.5798924817964434,-0.5130986122198528,-0.6901549195711315,-0.29949983892011145,Monte Carlo
-0.02793595590971297,0.06324337021796433,-0.17719722715587305,-0.44856328910728416,-0.06462016518426614,Mr. Popper's Penguins
-0.8637556610251157,-0.5999673431803314,1.1664083131000456,1.3633739393715711,-0.048266216145256655,My Week with Marilyn
-0.009362184684926243,-0.13410862933036644,-1.6327698957664516,-0.8109507348030552,-0.20822467026747607,New Year's Eve
-0.5851490926533148,-0.10279881298543049,-0.10255247491943313,-0.2673695662593986,0.3582556613794263,No Strings Attached
-0.770886804901182,-0.49401910511742575,-0.5504209883380727,-0.44856328910728416,0.026572491111966627,One Day
-0.9566245171490493,-0.6445587923280567,0.6065726713267462,1.061384401291762,0.1922573027685314,Our Idiot Brother
-0.9566245171490493,0.1489425615487486,0.6065726713267462,-0.20697165864343678,6.206516951074151,Paranormal Activity 3
-0.30654252428151385,-0.32597379040934804,0.755862175799626,0.5178032327481054,-0.22254881533897983,Paul
3.593949432923699,3.8010432116193247,-0.6623881166927326,-0.025777935795551245,0.06347201689524135,Pirates of the Caribbean:On Stranger Tides
0.06493290021422067,-0.4116294354030741,-1.296868510702472,-1.4753277185786355,-0.41141959914469545,Priest
1.3650968859492916,1.6641373594931808,1.1664083131000456,0.8801906784438764,0.07771364961034258,Puss In Boots
1.4579657420732253,0.31737979329035126,1.3530201936911455,0.4574053251321435,-0.326415369578663,Rango
0.993621461453557,0.5505704282376837,0.23334891014454653,1.1821802165236857,-0.17782711816873178,Real Steel
-0.26939498183194044,-0.3643816596947911,-1.5208027674117917,-1.233736088114788,-0.27646238901248554,Red Riding Hood
-0.975198288373836,-0.7478507038304045,0.19602653402632658,-0.14657375102747494,-0.5812465310926743,Red State
0.6221460369578224,1.357745331950803,0.718539799681406,0.6989969555959908,0.2618317216872642,Rio
0.6778673506321826,1.3451604405409472,1.1664083131000456,1.5445676622194566,0.22803466050472987,Rise of the Planet of the Apes
-0.49228023652938113,-0.2796840341163482,-0.8116776211656125,-1.3545319033467118,-0.029354384057764332,Sanctum
-0.30654252428151385,-0.3296316827222474,0.23334891014454653,-0.2673695662593986,-0.22604733925045312,Scream 4
-0.30654252428151385,-0.35362571444138474,-1.5581251435300116,-1.7773172566584448,-0.24877124220374894,Season Of The Witch
-0.9287638603118692,-0.679160711754602,1.0544411847453858,1.1217823089077237,-0.19838919738427754,Shame
-0.5851490926533148,-0.5778458039547022,-1.334190886820692,-2.2001026099701777,-0.3618626778892508,Shark Night 3D
1.2722280298253579,1.6225941539395383,0.30799366238098647,1.061384401291762,0.09330848497044751,Sherlock Holmes 2
-0.7151654912268218,-0.547581099699166,-0.21451960327409303,1.061384401291762,-0.19508870312817067,Soul Surfer
-0.45513269407980766,-0.11107261702651222,1.5023096981640254,1.1821802165236857,0.13299692840013264,Source Code
-0.5480015502037413,-0.3800583410357882,-1.110256630111372,-1.29413399573075,-0.10383003694681582,Spy Kids: All The Time in the World
0.47355586715952863,-0.36163824046011656,-1.0729342539931521,-0.8109507348030552,-0.44609129130509806,Sucker Punch
-0.12080481203364661,0.37999942598022324,1.1290859369818256,1.0009864936758002,0.231648701715167,Super 8
-0.5851490926533148,-0.7224631893254008,-0.8863223734020523,-0.9317465500349789,-0.5810650039085885,Take Me Home Tonight
-0.9566245171490493,-0.7390107974075645,1.5023096981640254,1.4237718469875331,-0.5236199013810484,Take Shelter
-0.11709005778868921,-0.19581378894201346,0.755862175799626,0.3366095099002198,-0.20644240336917832,The Adjustment Bureau
1.3650968859492916,0.8759617226386085,0.830506928036066,1.0009864936758002,-0.1520337555572566,The Adventures of Tintin
-0.7523130336763953,-0.17159331627017296,1.688921578755125,1.786159292683304,0.7494302406132125,The Artist
-0.6594441775524617,-0.724901784200667,0.3826384146174264,-0.2673695662593986,-0.5767413564330885,The Beaver
-0.28796875305672714,-0.7201987797983679,-0.5130986122198528,0.0346199718204106,-0.5968083615102182,The Big Year
-0.08365726958407316,-0.42408368780175515,-1.0356118778749321,-0.508961196723246,-0.3873589960176763,The Change Up
-0.770886804901182,-0.7313901884223575,0.5319279190903062,-0.3881653814913223,-0.5730778078088098,The Company Men
-0.5851490926533148,-0.6852310711405326,0.1587041579081066,0.21581369466829614,-0.5246265521291611,The Conspirator
-0.6780179487772484,-0.5538953185726232,0.9051516802725059,0.5178032327481054,-0.2502399621477165,The Debt
-0.6780179487772484,0.019174477114939015,1.3903425698093654,1.6049655698354186,0.8356886579965656,The Descendants
0.25067061246208794,-0.44903573893617565,-1.0729342539931521,-1.8377151642744065,-0.462428737872827,The Dilemma
-0.5851490926533148,-0.6345431348046418,-0.4757762361016328,-1.1129402728828643,-0.44777454337571254,The Eagle
0.6221460369578224,0.25833531487296785,1.3156978175729255,1.6653634774513804,-0.20109560267428522,The Girl With The Dragon Tattoo
1.1793591737014242,0.23943184995594877,-0.28916435551053293,-0.8713486424190171,-0.3134939345660046,The Green Hornet
0.4364083247099552,1.8024840723274804,-0.6250657405745126,-0.20697165864343678,0.5835969067151229,The Hangover Part II
-0.5851490926533148,0.19074704512474094,0.8678293041542859,1.786159292683304,0.8032447994590348,The Help
-0.8173212329631488,-0.42173218560060566,1.2410530653364855,0.8801906784438764,0.37645788720185586,The Ides of March
-0.8080343473507555,-0.2520538832528407,0.046737029553446725,-0.44856328910728416,0.8324706760968612,The Iron Lady
-0.30654252428151385,-0.4259997266323215,1.2037306892182655,1.2425781241396474,-0.3173390103743691,The Lincoln Lawyer
-0.30654252428151385,-0.5302496575499526,0.046737029553446725,-0.5693591043392079,-0.4160897985170866,The Mechanic
-0.21367366815758024,-0.03334240537740142,1.688921578755125,1.5445676622194566,-0.021020636061094472,The Muppets
-0.3622638379558741,-0.3343782334616049,-1.184901382347812,-1.1129402728828643,-0.19840569985555814,The Rite
-0.7523130336763953,-0.5763216821576607,-1.7820594002393315,-1.9585109795063302,-0.20914880865918595,The Roommate
-0.21367366815758024,-0.648347323652131,-0.06523009880121317,-0.8109507348030552,-0.5389837021432259,The Rum Diary
-0.5851490926533148,-0.6004855445913255,-1.110256630111372,-1.1129402728828643,-0.3961548132102012,The Sitter
0.993621461453557,1.7022839507562737,-1.0729342539931521,-0.6901549195711315,0.21895830130043598,The Smurfs
-0.3436900667310873,-0.6331931983558337,-0.5877433644562927,-0.5693591043392079,-0.5076785141240522,The Thing
0.3435394685860216,-0.17665340063635027,-1.0356118778749321,-0.8109507348030552,-0.3357392658521649,The Three Musketeers
-0.45513269407980766,-0.5161841906801133,1.2037306892182655,-0.025777935795551245,-0.3467464141962813,The Tree Of Life
1.7365723104450261,1.2039832157978563,0.9424740563907259,1.1217823089077237,-0.13246182461854286,Thor
-0.6594441775524617,-0.40152668520554263,1.1664083131000456,0.3970074175161817,0.006819032989166974,Tinker Tailor Soldier Spy
0.3435394685860216,-0.08673021461090843,0.6065726713267462,-0.025777935795551245,-0.29030796241685386,Tower Heist
2.5723920155604287,4.141053011370729,-0.6250657405745126,0.3366095099002198,0.32424406807024503,Transformers: Dark of the Moon
0.993621461453557,2.3485986853759386,-0.9609671256384923,0.3970074175161817,0.4416261462886858,Twilight: Breaking Dawn
-0.49228023652938113,-0.1830982585209825,0.12138178178988665,-0.2673695662593986,0.09263188364794556,Unknown
0.17637552756294103,0.02067247110974538,0.9424740563907259,0.6989969555959908,-0.18276135708161156,War Horse
-0.5851490926533148,-0.6522229476503218,1.1664083131000456,1.9069551079152278,-0.47459105920658085,Warrior
-0.3436900667310873,-0.24275674029088823,0.30799366238098647,0.6385990479800291,-0.11828620178856389,Water For Elephants
-0.12080481203364661,-0.22973203087674313,0.41996079073564635,1.061384401291762,-0.23047000155363634,We Bought a Zoo
-0.6780179487772484,-0.6201292972383361,-1.0356118778749321,-0.6901549195711315,-0.37574125623618015,What's Your Number
-0.49228023652938113,-0.6082846935584716,1.4649873220458054,1.061384401291762,-0.4444245417057641,Winnie The Pooh
1.9223100226928933,0.7872447701496822,1.3156978175729255,1.6049655698354186,-0.2620722340558596,X-Men: First Class
-0.1226621891561253,-0.6443846069798232,-0.9609671256384923,-1.5357256261945973,-0.5445945423786076,Your Highness
0.4364083247099552,-0.013006265971163515,-1.408835639057132,-1.1733381804988263,-0.27642938406992446,Zookeeper
-0.26939498183194044,0.1252098078519613,1.2410530653364855,1.2425781241396474,0.1652757622248578,21 Jump Street
0.2320968412373012,-0.24545661318850442,-0.6250657405745126,-0.6297570119551696,-0.3482316366115294,Abraham Lincoln: Vampire Hunter
-0.12080481203364661,0.27065457362676815,-0.28916435551053293,0.09501787943637244,0.14878979341560397,American Reunion
-0.4737064653045944,-0.4524758995637833,0.41996079073564635,-0.6297570119551696,-0.259860902904268,Anna Karenina
-0.8266081185755422,-0.5980948506868234,1.3156978175729255,0.09501787943637244,-0.1387987735902681,Arbitrage
-0.21367366815758024,0.2590712479692536,1.651599202636905,1.7257613850673423,0.23476766878718794,Argo
2.832424812707443,0.5669438509716139,-0.6623881166927326,-0.3881653814913223,-0.38752402073048164,Battleship
-1.0123458308234095,-0.6969014894721637,1.2783754414547055,0.8801906784438764,0.5463178240923957,Beasts of the Southern Wild
-0.30654252428151385,-0.6449942556986399,0.830506928036066,0.15541578705233428,-0.5248080793132469,Big Miracle
2.3866543033125613,1.5944196738628018,0.9797964325089458,0.8801906784438764,-0.1460103535398616,Brave
-1.0309196020481963,-0.5908226123980831,-1.222223758466032,-1.9585109795063302,5.50512891670888,Chernobyl Diaries
-0.8266081185755422,-0.20116998840018752,1.2410530653364855,0.5782011403640672,1.11471244240784,Chronicle (2012)
0.8450312916552633,-0.1844481949697906,0.5319279190903062,0.3366095099002198,-0.4156937392063538,Cloud Atlas
-0.5851490926533148,-0.33346376038338005,-0.027907722682993203,-0.20697165864343678,0.00863430483002579,Contraband
1.7365723104450261,0.3165524128862431,-0.5130986122198528,-0.9317465500349789,-0.356680901907163,Dark Shadows
-0.640870406327675,-0.4168549958500732,-0.027907722682993203,0.15541578705233428,-0.04836523097293987,Diary of a Wimpy Kid: Dog Days
0.8078837492056897,1.099689738543167,1.3530201936911455,1.8465572002992658,0.07517226903314025,Django Unchained
0.25067061246208794,0.7664296210358026,0.08405940567166668,0.15541578705233428,0.1955908019671993,Dr. Seuss' The Lorax
-0.12080481203364661,-0.5974852019680069,0.9797964325089458,0.6385990479800291,-0.5092132439531419,Dredd
-0.9194769746994759,-0.5430522806451001,1.2410530653364855,1.4841697546034949,0.507784553652348,End of Watch
-0.4737064653045944,-0.04819170631429036,0.9797964325089458,0.8197927708279146,0.23438811194773562,Flight
-0.3251162955063006,-0.39778170021852666,1.3156978175729255,0.5178032327481054,-0.28197421442018406,Frankenweenie
0.009211586539860483,-0.17539055686165886,-1.296868510702472,-1.7773172566584448,-0.24299537725556192,Ghost Rider: Spirit of Vengeance
-0.6222966351028882,-0.6073266741431884,1.0544411847453858,-1.29413399573075,-0.3873424935463958,Haywire
-0.49228023652938113,-0.25499326100427766,0.830506928036066,-0.3277674738753605,0.0018517891337261516,Hope Springs
0.5292771808338889,0.8079728265894451,-0.251841979392313,0.6385990479800291,0.06898384230293987,Hotel Transylvania
-0.8637556610251157,-0.5808069548746683,-1.5581251435300116,-1.1733381804988263,0.024427169845497147,House at the End of The Street
0.7150148930817561,3.0674180711977166,-0.5504209883380727,0.09501787943637244,0.8970778511601532,Ice Age: Continental Drift
0.06493290021422067,0.19814992242465634,0.34531603849920645,0.3366095099002198,-0.026268421928304402,Jack Reacher
3.593949432923699,0.48468482026843734,-0.027907722682993203,-0.08617584341151309,-0.43922626325239583,John Carter
0.41783455348516846,0.7072936953105967,0.00941465343522676,-0.08617584341151309,0.07353852437636733,Journey 2: The Mysterious Island
-0.8266081185755422,-0.6101136397149213,0.9797964325089458,0.6989969555959908,-0.17673795506421647,Katy Perry: Part of Me
-0.770886804901182,-0.587469544444592,0.8678293041542859,-1.0525423652669026,-0.20949536055607718,Killing Them Softly
-0.5665753214285281,-0.5188840635777295,0.5692502952085262,0.8197927708279146,-0.2860998322403176,Lawless
0.08350667143900739,1.1712799166670538,0.6812174235631862,1.061384401291762,0.5684476380795923,Les Miserables (2012)
1.1793591737014242,1.8994182186193127,1.3156978175729255,1.4237718469875331,0.21072356813144932,Life of Pi
0.1578017563381543,0.44614631197181953,1.4276649459275854,1.1821802165236857,0.07213581431752188,Lincoln
-0.49228023652938113,0.01599559450968118,1.5396320742822454,1.2425781241396474,0.34414604843456953,Looper
1.6437034543210924,2.4999222066536193,1.0171188086271659,0.6989969555959908,0.223281948775936,Madagascar 3: Europe's Most Wanted
-0.9194769746994759,-0.024458952617503072,1.0544411847453858,-0.025777935795551245,3.3154490074373393,Magic Mike
-0.26939498183194044,-0.5513696310232403,-0.7370328689291725,-0.5693591043392079,-0.44518365538466864,Man on a Ledge
3.0367362961800968,5.860262398433415,1.5023096981640254,1.786159292683304,0.512322733254495,Marvel's The Avengers
3.1296051523040305,1.964781270543859,0.6812174235631862,0.5782011403640672,-0.16909731086132906,MIB 3
0.5292771808338889,-0.029031318008627287,-0.10255247491943313,-0.9921444576509407,-0.3041700382925027,Mirror Mirror
-0.7523130336763953,-0.65357288409913,1.5769544504004653,1.4841697546034949,-0.3921447126890313,Moonrise Kingdom
-0.9566245171490493,-0.13062492236570036,-1.0356118778749321,-1.5357256261945973,4.087599638653542,Paranormal Activity 4
0.06493290021422067,-0.286085345663922,1.3156978175729255,0.6385990479800291,-0.33210872217044735,ParaNorman
-0.5851490926533148,-0.23108632195925707,-1.259546134584252,-0.025777935795551245,0.1638235447521707,Parental Guidance
-0.7337392624516086,-0.26039300679951,1.0917635608636058,1.3029760317556094,0.4705384759721821,Pitch Perfect
-0.3994113804054475,-0.617298785329545,0.9051516802725059,-0.08617584341151309,-0.4802349043845236,Premium Rush
1.3650968859492916,1.0038007043407344,0.830506928036066,0.4574053251321435,-0.11477117540581008,Prometheus
0.1578017563381543,-0.5575096645484642,-1.483480391293572,-0.5693591043392079,-0.5130418172902259,Red Dawn (2012)
0.02778535776464721,-0.5332979011440352,-0.4384538599834128,-0.20697165864343678,-0.4834858912267888,Red Tails
0.1578017563381543,0.29316802988592233,-0.7743552450473925,-0.6297570119551696,-0.01706004295376617,Resident Evil: Retribution
1.6437034543210924,0.5839704687614193,0.830506928036066,1.1821802165236857,-0.2774690397605981,Rise of the Guardians
0.3435394685860216,-0.49388846610625076,-0.4011314838651928,-0.3881653814913223,-0.496060774342556,Rock of Ages
-0.49228023652938113,-0.5769313308764773,0.19602653402632658,-0.08617584341151309,-0.40485161557504273,Safe (2012)
0.5292771808338889,0.15347138060281454,0.046737029553446725,0.15541578705233428,-0.2228128548794684,Safe House
-0.770886804901182,-0.6021446600332477,0.5692502952085262,0.15541578705233428,-0.23340744144157147,Salmon Fishing in the Yemen
-0.21367366815758024,-0.3913368423338945,-0.027907722682993203,-0.3881653814913223,-0.3225372888277374,Savages (2012)
-0.770886804901182,-0.6680738143395523,1.1664083131000456,0.5782011403640672,-0.4131193536865905,Seven Psychopaths
-0.6594441775524617,0.2768381534890503,1.5023096981640254,1.4841697546034949,1.2310053575217657,Silver Linings Playbook
-0.9937720595986228,-0.41424221562657365,0.41996079073564635,-0.025777935795551245,3.6480233111539477,Sinister
2.6652608716843624,4.074731940030899,1.5023096981640254,1.4841697546034949,0.2879056263105084,Skyfall
2.1080477349407607,0.9743633804893063,-0.1398748510376531,-0.5693591043392079,-0.24180719932336345,Snow White and the Huntsman
-0.7894605761259688,-0.6453426263951065,0.19602653402632658,0.21581369466829614,-0.3363828622321058,Sparkle (2012)
-0.43655892285502096,-0.1409454042485235,-0.3638091077469729,0.4574053251321435,0.0756673431715563,Step Up Revolution
-0.21367366815758024,0.885311121205031,-1.147579006229592,-0.44856328910728416,0.752598715099075,Taken 2
-0.12080481203364661,1.6396643180664017,0.6065726713267462,0.7593948632119527,1.1863991776504814,Ted
0.25067061246208794,-0.5012913434061661,-1.184901382347812,-0.508961196723246,-0.49071397364766295,That's My Boy
3.222474008427964,2.5230017652945325,0.793184551917846,0.9405885860598383,-0.08708002859707341,The Amazing Spider-Man
-0.8637556610251157,-0.1567527246006956,0.9797964325089458,1.061384401291762,1.6313388083162481,The Best Exotic Marigold Hotel
1.2722280298253579,0.449847750621777,0.1587041579081066,-0.20697165864343678,-0.26222075629738445,The Bourne Legacy
-0.49228023652938113,-0.46310120580601477,1.5023096981640254,0.6989969555959908,-0.261065583307747,The Cabin in the Woods
3.593949432923699,3.969698175046219,1.3530201936911455,1.7257613850673423,0.08905084738006958,The Dark Knight Rises
-1.0309196020481963,-0.30951327500130105,-1.7074146480028916,-2.381296332818063,16.16587388617559,The Devil Inside
0.1578017563381543,0.02849339324542059,0.19602653402632658,-0.9921444576509407,-0.1713746518980428,The Dictator
0.8078837492056897,0.5773949718656122,0.4946055429720863,0.3970074175161817,-0.12275837150558866,The Expendables 2
-0.49228023652938113,-0.5178824978253881,0.41996079073564635,-0.5693591043392079,-0.330243942915747,The Five-Year Engagement
-0.5851490926533148,-0.4161147081200816,1.0171188086271659,-0.025777935795551245,-0.11668546207435201,The Grey
-0.30654252428151385,-0.5703558339806701,-0.5130986122198528,-1.29413399573075,-0.45409498987615726,The Guilt Trip
2.6652608716843624,3.676021677924872,0.4946055429720863,1.3029760317556094,0.21235731278822223,The Hobbit: An Unexpected Journey
0.39926078226038175,2.2574997482499226,1.2037306892182655,1.1821802165236857,0.8356886579965656,The Hunger Games
-0.49228023652938113,0.03236901724361161,1.0917635608636058,1.4237718469875331,0.3648566498916401,The Impossible
-0.5851490926533148,-0.3199643958952992,-1.184901382347812,0.3970074175161817,0.029064364275327298,The Lucky One
-0.45513269407980766,-0.6295788523799928,1.2410530653364855,-0.14657375102747494,-0.48106002794855035,The Master
-0.8080343473507555,-0.6072831278061301,1.2410530653364855,1.6653634774513804,-0.20300988934282715,The Perks of Being a Wallflower
-0.02793595590971297,-0.21680312340412633,1.2783754414547055,-0.08617584341151309,-0.25758356186755427,The Pirates! Band of Misfits
-0.7894605761259688,-0.38053735074342976,-0.4384538599834128,-0.7505528271870934,0.3804019778379035,The Possession
-0.49228023652938113,-0.5139197811530805,0.00941465343522676,-0.7505528271870934,-0.32524369411774506,The Three Stooges
1.1793591737014242,2.8603552384853796,-0.1398748510376531,0.5782011403640672,0.5141875125091954,The Twilight Saga: Breaking Dawn Part 2
-0.49228023652938113,0.10134641514399904,-0.8489999972838324,0.09501787943637244,0.45200620072414205,The Vow
0.21352307001251447,-0.45534995780963283,-1.296868510702472,-1.29413399573075,-0.4611250426416649,The Watch
-0.7337392624516086,-0.19642343766083,0.5319279190903062,-0.3881653814913223,0.6131363303072793,The Woman in Black
-0.3994113804054475,-0.36917175677120684,-0.027907722682993203,-0.6297570119551696,-0.21159117440870506,This Is 40
1.2722280298253579,0.11162335068976377,-0.8116776211656125,-0.8713486424190171,-0.36478361530590536,Total Recall (2012)
0.25067061246208794,-0.055420398265972365,-0.9609671256384923,0.0346199718204106,-0.2493323262272871,Underworld Awakening
-0.30654252428151385,-0.38519680880867063,-1.110256630111372,-0.8109507348030552,-0.2786572176927966,What to Expect When You're Expecting
1.7365723104450261,0.5766982304726789,-0.9982895017567123,-0.7505528271870934,-0.29095155879679474,Wrath of the Titans
2.015178878816827,1.2993496939555889,1.2783754414547055,1.5445676622194566,-0.15549927452616885,Wreck-It Ralph
-0.30654252428151385,-0.17425835209814244,1.5396320742822454,1.1217823089077237,-0.07882879295680623,Zero Dark Thirty
-0.5294277789789545,-0.7153651363848937,-0.5504209883380727,-1.29413399573075,-0.5763783020649167,The Fifth Estate
-0.3994113804054475,-0.5513696310232403,-0.4011314838651928,-0.7505528271870934,-0.4088782185674931,Parker
-1.0216327164358028,-0.7370947585769981,0.00941465343522676,-0.8109507348030552,-0.23444709713224512,The To-Do List
0.4364083247099552,0.3228666317597002,-1.6700922718846716,-0.3881653814913223,-0.11731255598301231,Grown Ups 2
1.3650968859492916,0.30919308192338607,-1.5208027674117917,-1.4149298109626736,-0.31725649801796646,After Earth
-0.02793595590971297,0.19009385006886617,1.5396320742822454,1.8465572002992658,0.02276042024616319,Captain Phillips
-0.12080481203364661,-0.1718197572228762,-0.10255247491943313,-0.14657375102747494,-0.1865899304186955,Escape Plan
-0.1950998969327935,-0.22080938641349226,1.1290859369818256,1.6049655698354186,-0.18866924180004283,Prisoners
-0.8266081185755422,-0.7000368257403631,0.6065726713267462,-0.025777935795551245,-0.460695978388371,Stoker
0.4364083247099552,-0.25973981174363514,-0.9982895017567123,-1.233736088114788,-0.3932998856786687,Walking with Dinosaurs
-0.947337631536656,-0.7090073711743782,0.830506928036066,-0.08617584341151309,-0.32623384239457714,Love is All You Need
-1.0123458308234095,-0.7468926844151214,0.9051516802725059,0.9405885860598383,0.1997329222586135,The Kings of Summer
2.6652608716843624,4.540155190510282,0.9797964325089458,1.1217823089077237,0.37609483283368406,Iron Man 3
0.3621132398108083,3.4485356131321803,0.830506928036066,1.4237718469875331,1.4680633574666417,Despicable Me 2
1.3650968859492916,2.9744901879152494,1.4276649459275854,1.8465572002992658,0.459696352340871,THG: Catching Fire
3.1296051523040305,2.937170977056265,0.8678293041542859,1.4237718469875331,-0.005326785873306325,The Desolation of Smaug
1.7365723104450261,2.776354354299869,1.3903425698093654,1.6653634774513804,0.2647856640464798,Frozen
1.9223100226928933,2.681771710209186,0.6438950474449662,1.3633739393715711,0.18664646253314976,Fast & Furious 6
2.6652608716843624,2.4852906374020227,0.9797964325089458,1.3029760317556094,-0.013264474559243348,Monsters University
0.8078837492056897,2.2455680518959413,1.688921578755125,1.4237718469875331,0.509418298309121,Gravity
3.1296051523040305,2.1564722462746073,0.12138178178988665,0.8801906784438764,-0.13681847703660388,Man of Steel
2.1080477349407607,2.003450417851652,0.4946055429720863,1.3029760317556094,-0.012406346052655498,Thor: The Dark World
1.4579657420732253,1.804400111158047,0.6812174235631862,1.061384401291762,0.09101464146245326,The Croods
2.479523159436495,1.598904946579809,0.5692502952085262,0.6989969555959908,-0.15777661556288258,World War Z
2.9438674400561635,1.3955435525174296,0.2706712862627665,-0.2673695662593986,-0.24814414829508863,Oz The Great & Powerful
2.479523159436495,1.2825843541881337,1.3156978175729255,1.7257613850673423,-0.22086556326836537,Star Trek Into Darkness
1.1793591737014242,1.0537918992836919,0.6438950474449662,0.5178032327481054,-0.05631942213015741,The Wolverine
2.479523159436495,1.0371136521903532,0.718539799681406,1.0009864936758002,-0.2698118930864302,Pacific Rim
1.3650968859492916,0.8835692677226981,-0.8863223734020523,-0.7505528271870934,-0.14982242440566504,G.I. Joe: Retaliation
0.8636050628800499,0.8237366006045589,-1.222223758466032,-0.9921444576509407,-0.046797496201289125,The Hangover Part III
0.3435394685860216,0.7789709661086005,-0.06523009880121317,0.5782011403640672,0.14712304381627003,Now You See Me
0.9007526053296234,0.7760098151886343,-0.10255247491943313,0.3970074175161817,-0.07508273197612497,The Great Gatsby
0.9007526053296234,0.7608121435552787,-1.408835639057132,-0.20697165864343678,-0.08056155244126235,The Smurfs 2
-0.6780179487772484,0.6321327175479272,1.2783754414547055,1.3029760317556094,1.9970995817780115,The Conjuring
0.659293579407396,0.5739983575750627,-1.408835639057132,-1.1733381804988263,-0.08031401537205438,A Good Day to Die Hard
1.1793591737014242,0.4935247266912775,0.046737029553446725,-0.025777935795551245,-0.23325891920004663,Oblivion
1.0864903175774907,0.4933940876801024,0.6065726713267462,-0.08617584341151309,-0.2161788614246936,Elysium
1.4579657420732253,0.4778480453502803,0.5692502952085262,0.3366095099002198,-0.2813801254540848,Turbo
-0.3622638379558741,0.42306675333090704,-0.17719722715587305,0.6989969555959908,0.5774084799849225,We're the Millers
0.8078837492056897,0.4162735247498082,0.45728316685386633,0.27621160228425795,-0.18381751524356574,Epic
2.9438674400561635,0.3817412794625562,-0.7743552450473925,-0.3881653814913223,-0.4268494097919951,The Lone Ranger
0.39926078226038175,0.36985312944563326,0.6812174235631862,0.27621160228425795,-0.08141968094785011,Cloudy with a Chance of Meatballs 2
-0.2508212106071537,0.2486201270752555,0.5319279190903062,0.6989969555959908,0.25562679248578335,The Heat
-0.12080481203364661,0.23020002649958377,-1.371513262938912,-0.44856328910728416,0.11814470424765172,Hansel & Gretel
-0.12080481203364661,0.20446414129811347,-0.9609671256384923,-0.6297570119551696,0.09862228072277952,Planes
1.7365723104450261,0.1416703232600083,-0.06523009880121317,0.09501787943637244,-0.40085801752515343,White House Down
0.6221460369578224,0.11763274520381266,-0.4384538599834128,-0.20697165864343678,-0.26035597704268404,Percy Jackson: Sea of Monsters
2.5723920155604287,0.10822673639921439,0.00941465343522676,-0.3277674738753605,-0.45949129798489197,Jack the Giant Slayer
0.8078837492056897,0.012076424174431995,0.9424740563907259,1.3029760317556094,-0.3369934536694855,The Wolf of Wall Street
-0.3994113804054475,0.004934824896866566,-1.222223758466032,-0.3881653814913223,0.19344548070072992,Identity Thief
0.6221460369578224,-0.016533519272887882,-0.1398748510376531,0.8801906784438764,-0.31682743376467254,The Secret Life of Walter Mitty
-0.49228023652938113,-0.02232518210164509,0.793184551917846,1.1217823089077237,0.29574430016876224,Lee Daniels' The Butler
-0.12080481203364661,-0.031948922591535034,0.8678293041542859,0.0346199718204106,-0.08054504996998184,Anchorman 2
-0.30654252428151385,-0.04544828707961588,1.5396320742822454,1.061384401291762,0.04320698216274522,American Hustle
-0.9566245171490493,-0.049367457414865194,-0.5504209883380727,-0.08617584341151309,4.703603886613327,Insidious Chapter 2
0.25067061246208794,-0.05141413525660648,-0.1398748510376531,0.3970074175161817,-0.2471705024895371,Olympus Has Fallen
-0.770886804901182,-0.10380037873777193,0.34531603849920645,0.27621160228425795,1.01247963282493,Bad Grandpa
-0.770886804901182,-0.11499178736176152,0.5319279190903062,-0.2673695662593986,0.9841613921075331,Mama
0.5107034096091021,-0.13393444398213306,-0.3638091077469729,0.15541578705233428,-0.3476705525879913,Red 2
0.08350667143900739,-0.17809042975927505,0.45728316685386633,0.3970074175161817,-0.26984489802899125,2 Guns
-0.6780179487772484,-0.19446385249320536,1.651599202636905,1.8465572002992658,0.43085003254249693,12 years a slave
-0.45513269407980766,-0.203782768623687,1.1664083131000456,0.6989969555959908,0.02320598697073759,This is the End
2.2009165910646944,-0.22242060088465027,-1.483480391293572,-0.3277674738753605,-0.5119856591282718,47 Ronin
-0.5294277789789545,-0.23992622838209712,-0.17719722715587305,0.0346199718204106,0.06715206799080053,Last Vegas
-0.3994113804054475,-0.24323574999852982,1.0544411847453858,0.7593948632119527,-0.07523125421764973,Warm Bodies
0.993621461453557,-0.26392026010123437,0.34531603849920645,0.6385990479800291,-0.4584186373516573,Ender's Game
0.06493290021422067,-0.29453333505323714,-0.7370328689291725,-0.14657375102747494,-0.3374555228653405,Gangster Squad
-0.3436900667310873,-0.32440612227524834,0.23334891014454653,-0.3277674738753605,-0.19974240002928143,Riddick
-0.7337392624516086,-0.3278898292399144,0.3826384146174264,0.15541578705233428,0.3200854453075504,Evil Dead
-0.30654252428151385,-0.3388635061786124,0.9797964325089458,1.4841697546034949,-0.23477714655785578,42
-0.7151654912268218,-0.33982152559389556,1.4649873220458054,1.1821802165236857,0.2423588055762336,Blue Jasmine
0.02778535776464721,-0.3455260957485362,-0.6623881166927326,-0.44856328910728416,-0.36079001725601606,The Internship
-0.3994113804054475,-0.3552369289125427,1.0917635608636058,1.6653634774513804,-0.19650791565829664,Saving Mr. Banks
-0.02793595590971297,-0.3570658750689924,-1.259546134584252,-0.8713486424190171,-0.3542385361576439,Free Birds
0.06493290021422067,-0.35824162616956723,-1.483480391293572,-0.025777935795551245,-0.3777050503185638,The Mortal Instruments: City of Bones
-0.3436900667310873,-0.3596351089554336,1.3903425698093654,1.8465572002992658,-0.234876161385539,Rush
-0.9937720595986228,-0.36364137196479956,-0.5504209883380727,-1.4753277185786355,4.2870155016075175,The Purge
-0.5665753214285281,-0.37735846813817203,-0.10255247491943313,-0.8109507348030552,-0.07983544370491885,Pain and Gain
-0.8266081185755422,-0.38306303829281263,1.5023096981640254,1.786159292683304,0.5403109245462813,Philomena
-0.49228023652938113,-0.386720930605712,-0.10255247491943313,-0.8109507348030552,-0.16455913125918212,Carrie
-0.6780179487772484,-0.41132461104366586,-1.7820594002393315,-1.233736088114788,0.01992199518591124,Scary Movie 5
1.3650968859492916,-0.41158588906601584,-1.446158015175352,-1.3545319033467118,-0.5273659623617297,R.I.P.D.
-0.7337392624516086,-0.4407183885580355,0.5692502952085262,1.7257613850673423,0.06848876816452382,The Best Man Holiday
-0.5294277789789545,-0.4419376859956686,-1.483480391293572,0.3970074175161817,-0.206277378656373,Safe Haven
-0.5851490926533148,-0.4467713294091427,-0.6623881166927326,-2.2001026099701777,-0.16315642120033677,The Counselor
-0.8080343473507555,-0.45404356769788307,-0.3264867316287529,0.27621160228425795,0.24367900327867645,The Call
-0.49228023652938113,-0.47668766296821224,1.2037306892182655,0.5782011403640672,-0.27819514849694166,Side Effects
-0.49228023652938113,-0.4796923602252367,-1.5954475196482316,-1.656521441426521,-0.28202372183402563,Runner Runner
0.06493290021422067,-0.4911450468715763,-0.5504209883380727,-1.656521441426521,-0.46162011678008086,Beautiful Creatures
-1.0030589452110161,-0.49162405657921787,-1.5581251435300116,-0.44856328910728416,3.329954679692929,A Haunted House
-0.5294277789789545,-0.49327881738743423,-0.8489999972838324,0.0346199718204106,-0.2757857876899837,Kick-Ass 2
-0.8451818898003289,-0.4934530027356675,1.0544411847453858,0.21581369466829614,0.26613886669148373,Quartet
-0.21367366815758024,-0.5421813539039336,0.30799366238098647,-0.3881653814913223,-0.44955681027401034,The Last Stand
-0.30654252428151385,-0.5426168172745169,-1.6327698957664516,-0.6901549195711315,-0.4278230555975466,The Host
-0.6780179487772484,-0.5519357334049985,1.3903425698093654,0.6989969555959908,-0.2464939011670352,The World's End
-0.8080343473507555,-0.5541565965949732,-0.8863223734020523,-0.7505528271870934,-0.048167201317573446,21 and Over
-0.770886804901182,-0.5656963759154293,0.1587041579081066,0.09501787943637244,-0.15449262377805623,Snitch
-0.8266081185755422,-0.5961788118562571,-0.9236447495202723,1.4237718469875331,-0.13265985427390928,Jobs
-0.770886804901182,-0.5980948506868234,1.0917635608636058,0.8197927708279146,-0.23639438874334817,The Place Beyond the Pines
-0.5851490926533148,-0.5982254896979984,0.4946055429720863,0.6385990479800291,-0.3927553041264111,August: Osage County
-0.9566245171490493,-0.6145118197578121,0.4946055429720863,-1.3545319033467118,0.4202719484516744,Spring Breakers
-0.640870406327675,-0.6160794878919118,-0.4384538599834128,0.27621160228425795,-0.39156712619421263,Homefront
-0.5665753214285281,-0.6162101269030869,-0.5130986122198528,-0.5693591043392079,-0.42793857289651027,Delivery Man
-0.9566245171490493,-0.6183003510818864,1.5769544504004653,1.8465572002992658,0.3912441014692145,Dallas Buyers Club
-0.9380507459242626,-0.6200422045642195,1.0917635608636058,0.15541578705233428,0.21072356813144932,Don Jon
-0.6222966351028882,-0.620390575260686,1.5769544504004653,1.4237718469875331,-0.4089277259813347,Her
-0.9380507459242626,-0.6223066140912523,-1.7820594002393315,-2.2001026099701777,0.1963004082322623,Movie 43
-0.30654252428151385,-0.6253113113482768,-0.8863223734020523,-0.2673695662593986,-0.5061767892375235,Grudge Match
-0.3994113804054475,-0.6339334860858252,0.23334891014454653,0.6989969555959908,-0.49825560302286714,Mandela: Long Walk to Freedom
-0.9844851739862294,-0.6375913783987245,-0.4757762361016328,-0.6901549195711315,0.6189947076118689,Dark Skies
-0.9009032034746891,-0.6463006458103896,1.651599202636905,1.0009864936758002,-0.12308842093119933,Enough Said
-0.6780179487772484,-0.6469973872033229,0.6065726713267462,0.15541578705233428,-0.426601872722787,Trance
-0.8451818898003289,-0.6515697525944469,1.5769544504004653,0.8801906784438764,-0.27864071522151607,Inside Llewyn Davis
-0.964054025638964,-0.6516132989315054,1.2410530653364855,1.4237718469875331,0.2054592797929589,"The Way, Way Back"
-0.8916163178622958,-0.6548357278738214,-1.408835639057132,-0.3277674738753605,-0.19081456306651232,Baggage Claim
-0.3994113804054475,-0.6576226934455542,-1.6700922718846716,-1.1733381804988263,-0.523916945864098,The Big Wedding
-0.8823294322499025,-0.6637191806337197,1.4649873220458054,0.8801906784438764,-0.25230277105778326,The Sapphires
-0.3994113804054475,-0.6668545169019193,-0.8863223734020523,-1.1733381804988263,-0.5339009409888212,Broken City
-0.9009032034746891,-0.6692495654401271,0.30799366238098647,-1.656521441426521,-0.23185620914120122,The Bling Ring
-0.8080343473507555,-0.6742138478647762,-0.5130986122198528,-1.656521441426521,-0.3982011196489874,Admission
-1.0309196020481963,-0.6784813888964921,1.5769544504004653,1.8465572002992658,2.182917408396828,Fruitvale Station
-0.6780179487772484,-0.6805716130752917,-1.7074146480028916,-0.5693591043392079,-0.49023540198052745,Battle of the Year
-0.9566245171490493,-0.6865374612522823,-1.334190886820692,-2.0793067947382537,-0.12579482622120702,The Last Exorcism Part II
-0.8266081185755422,-0.7016044938744629,1.5023096981640254,1.4841697546034949,-0.46561371482997016,Nebraska
-0.640870406327675,-0.7033028010197375,0.00941465343522676,-0.508961196723246,-0.5418056247321973,Out of the Furnace
-0.9937720595986228,-0.7039559960756124,1.726243954873345,1.2425781241396474,-0.011993784270642141,Before Midnight
-0.7151654912268218,-0.7069171469955786,-1.8567041524757715,-1.5357256261945973,-0.5305179343763117,Getaway
-0.7244523768392153,-0.7201987797983679,-0.1398748510376531,-0.2673695662593986,-0.5564928241718727,Black Nativity
-0.947337631536656,-0.7205471504948344,1.4276649459275854,1.5445676622194566,-0.4056437341965084,Blue Is the Warmest Color
-0.8916163178622958,-0.7253807939083086,1.5396320742822454,0.27621160228425795,-0.505203143431972,All Is Lost
-1.0123458308234095,-0.7303015299958994,0.12138178178988665,-0.9921444576509407,-0.20325742641203523,The Company You Keep
-0.49228023652938113,-0.731477281096474,-0.3264867316287529,-1.4753277185786355,-0.6000593483524835,Oldboy
-0.9194769746994759,-0.7349174417240818,1.5396320742822454,1.0009864936758002,-0.5308479838019224,Frances Ha
-1.0160605850683668,-0.7382269633405145,-0.5504209883380727,-0.8713486424190171,-0.32332940744920313,Stand Up Guys
-1.0309196020481963,-0.7397510851375559,1.5023096981640254,0.7593948632119527,-0.08056155244126235,In a World
-0.9287638603118692,-0.7421896800128222,0.830506928036066,0.27621160228425795,-0.5658167204453748,The East
-0.9380507459242626,-0.7426686897204637,0.6065726713267462,-0.2673695662593986,-0.562334699005182,Renoir
-0.958481894271528,-0.743234792102222,-0.8116776211656125,-0.08617584341151309,-0.5540834633649148,Austenland
-0.8637556610251157,-0.7440621725063301,0.5319279190903062,0.09501787943637244,-0.594299985875577,The Iceman
0.06493290021422067,-0.7466314063927714,-1.184901382347812,-1.5961235338105593,-0.6229977834324262,Girl Most Likely
-0.49228023652938113,-0.022194543090470108,0.793184551917846,1.061384401291762,0.2959258273528481,The Butler
-0.8080343473507555,-0.45404356769788307,-0.3264867316287529,0.27621160228425795,0.24367900327867645,The Call
-1.0309196020481963,-0.7520311521880038,0.34531603849920645,-0.508961196723246,-0.6033598426085904,John Dies at the End
-0.8637556610251157,-0.7460217576739547,0.12138178178988665,-1.4753277185786355,-0.6016270831241343,Lovelace
